# Blender 4.3.2
# www.blender.org
mtllib low_poly_brick.mtl
o Cube
v -0.658670 -0.157795 0.268254
v -0.643513 0.173825 0.263038
v -0.654020 -0.158188 -0.281192
v -0.664464 0.176978 -0.286228
v 0.657616 -0.157064 0.262325
v 0.601338 0.163081 0.243535
v 0.630625 -0.151886 -0.269529
v 0.665843 0.177643 -0.285787
v 0.562704 -0.156173 -0.276341
v 0.465034 -0.165891 -0.292290
v 0.350323 -0.168057 -0.295843
v 0.234899 -0.161162 -0.284537
v 0.119452 -0.158494 -0.280162
v 0.004001 -0.157941 -0.279256
v -0.111452 -0.157616 -0.278723
v -0.226906 -0.157362 -0.278306
v -0.342360 -0.157303 -0.278210
v -0.457809 -0.157227 -0.278084
v -0.569967 -0.157591 -0.278830
v -0.571755 0.175260 -0.283408
v -0.457811 0.174613 -0.282348
v -0.342393 0.173156 -0.280058
v -0.227076 0.168181 -0.272457
v -0.109483 0.166434 -0.267954
v 0.003827 0.164225 -0.267273
v 0.119131 0.166313 -0.269825
v 0.234716 0.167806 -0.271456
v 0.350174 0.168695 -0.272608
v 0.465060 0.171128 -0.276542
v 0.576345 0.177327 -0.286485
v -0.579072 -0.154267 0.264548
v -0.458881 -0.150951 0.257490
v -0.334041 -0.154768 0.259057
v -0.225597 -0.158405 0.263282
v -0.111452 -0.157767 0.262656
v 0.004001 -0.157941 0.262942
v 0.119455 -0.158695 0.264178
v 0.234909 -0.159671 0.265779
v 0.350362 -0.159611 0.265680
v 0.465811 -0.157968 0.262986
v 0.577169 -0.157486 0.262287
v 0.549962 0.169172 0.254903
v 0.457888 0.173309 0.263159
v 0.350249 0.178787 0.274577
v 0.235031 0.184529 0.282334
v 0.119993 0.184372 0.282210
v 0.002081 0.165937 0.257944
v -0.110433 0.176538 0.269639
v -0.226906 0.184576 0.282370
v -0.342360 0.184576 0.282370
v -0.457798 0.182438 0.278865
v -0.569286 0.177488 0.270681
v -0.680517 -0.139452 0.278610
v -0.686737 -0.110724 0.281541
v -0.668768 -0.081198 0.274003
v -0.661267 -0.051668 0.270857
v -0.664507 -0.022137 0.272215
v -0.666740 0.007393 0.273152
v -0.677003 0.036923 0.277456
v -0.688706 0.066454 0.282364
v -0.678404 0.095984 0.278044
v -0.655809 0.125483 0.268567
v -0.647997 0.153423 0.265266
v -0.679887 0.154736 -0.294803
v -0.688721 0.125515 -0.298684
v -0.688721 0.095984 -0.298684
v -0.688695 0.066454 -0.298674
v -0.688495 0.036921 -0.298590
v -0.687768 0.007373 -0.298284
v -0.685907 -0.022225 -0.297454
v -0.686786 -0.051737 -0.297840
v -0.689253 -0.081179 -0.298917
v -0.688723 -0.110729 -0.298685
v -0.683729 -0.139966 -0.296443
v 0.667312 0.154358 -0.286351
v 0.696723 0.125515 -0.298684
v 0.696723 0.095984 -0.298684
v 0.696723 0.066454 -0.298684
v 0.696723 0.036923 -0.298684
v 0.696723 0.007393 -0.298684
v 0.696723 -0.022137 -0.298684
v 0.696723 -0.051668 -0.298684
v 0.696723 -0.081198 -0.298684
v 0.695481 -0.110719 -0.298161
v 0.652106 -0.135596 -0.279343
v 0.610086 0.146993 0.246778
v 0.620271 0.122699 0.250592
v 0.634961 0.094798 0.256490
v 0.651488 0.065485 0.262835
v 0.660242 0.036626 0.265615
v 0.655676 0.007393 0.263737
v 0.650486 -0.022184 0.262276
v 0.655424 -0.051800 0.265161
v 0.678393 -0.081334 0.274884
v 0.692803 -0.110703 0.280687
v 0.676468 -0.138610 0.273093
v 0.549297 0.149710 0.265386
v 0.553247 0.123715 0.269366
v 0.565071 0.095515 0.274145
v 0.578962 0.066368 0.278701
v 0.581556 0.036940 0.280296
v 0.578488 0.007402 0.280281
v 0.581702 -0.022101 0.281036
v 0.583786 -0.051619 0.282252
v 0.582553 -0.081177 0.282731
v 0.581295 -0.110720 0.282372
v 0.580513 -0.138253 0.278880
v 0.460038 0.153093 0.277493
v 0.462073 0.125133 0.279805
v 0.466454 0.096173 0.282844
v 0.470046 0.066709 0.284869
v 0.470073 0.036989 0.285370
v 0.471122 0.007377 0.285532
v 0.471975 -0.022113 0.285288
v 0.470861 -0.051584 0.284581
v 0.466827 -0.081172 0.282926
v 0.465816 -0.110729 0.282370
v 0.465816 -0.138401 0.279323
v 0.352214 0.154804 0.279992
v 0.350659 0.125501 0.277888
v 0.348978 0.096109 0.282424
v 0.350604 0.066482 0.282786
v 0.350495 0.036931 0.282556
v 0.350362 0.007393 0.282370
v 0.350362 -0.022137 0.282370
v 0.350362 -0.051668 0.282370
v 0.350362 -0.081198 0.282370
v 0.350362 -0.110729 0.282370
v 0.350362 -0.138924 0.280182
v 0.234909 0.155045 0.282370
v 0.234909 0.125515 0.282370
v 0.235456 0.095945 0.282370
v 0.234909 0.066454 0.282370
v 0.234909 0.036923 0.282370
v 0.234909 0.007393 0.282370
v 0.234909 -0.022137 0.282370
v 0.234909 -0.051668 0.282370
v 0.234909 -0.081198 0.282370
v 0.234909 -0.110729 0.282370
v 0.234909 -0.138859 0.280074
v 0.119448 0.155044 0.282366
v 0.119448 0.125514 0.282366
v 0.119446 0.095984 0.282368
v 0.119593 0.066424 0.280918
v 0.119458 0.036924 0.282370
v 0.119455 0.007393 0.282370
v 0.119455 -0.022137 0.282370
v 0.119455 -0.051668 0.282370
v 0.119455 -0.081198 0.282370
v 0.119455 -0.110720 0.282356
v 0.119455 -0.137712 0.278193
v -0.000154 0.149979 0.265341
v -0.000387 0.124118 0.264330
v 0.001542 0.096212 0.273594
v 0.003995 0.066461 0.282346
v 0.004001 0.036923 0.282370
v 0.004001 0.007393 0.282370
v 0.004001 -0.022137 0.282370
v 0.004001 -0.051668 0.282370
v 0.004001 -0.081198 0.282370
v 0.004001 -0.110729 0.282370
v 0.004001 -0.137929 0.278549
v -0.109945 0.154495 0.280784
v -0.109929 0.125393 0.280787
v -0.110613 0.096011 0.281489
v -0.111452 0.066454 0.282370
v -0.111452 0.036923 0.282370
v -0.111452 0.007393 0.282370
v -0.111452 -0.022137 0.282370
v -0.111452 -0.051668 0.282370
v -0.111452 -0.081198 0.282370
v -0.111452 -0.110729 0.282370
v -0.111452 -0.138348 0.279237
v -0.226906 0.155045 0.282370
v -0.226906 0.125515 0.282370
v -0.226906 0.095984 0.282370
v -0.226906 0.066454 0.282370
v -0.226906 0.036923 0.282370
v -0.226906 0.007393 0.282370
v -0.226906 -0.022137 0.282370
v -0.226906 -0.051668 0.282370
v -0.226906 -0.081198 0.282370
v -0.225730 -0.110542 0.280712
v -0.225109 -0.139274 0.278657
v -0.342360 0.155045 0.282370
v -0.342360 0.125515 0.282370
v -0.342360 0.095984 0.282370
v -0.342360 0.066454 0.282370
v -0.342360 0.036923 0.282370
v -0.342360 0.007393 0.282370
v -0.342360 -0.022137 0.282370
v -0.342360 -0.051668 0.282370
v -0.341898 -0.080821 0.280705
v -0.339985 -0.109627 0.273873
v -0.336033 -0.133701 0.267736
v -0.457764 0.154955 0.282202
v -0.457798 0.125514 0.282363
v -0.457813 0.095984 0.282370
v -0.457813 0.066454 0.282370
v -0.457813 0.036923 0.282370
v -0.457813 0.007393 0.282370
v -0.457813 -0.022137 0.282370
v -0.457813 -0.051668 0.282370
v -0.458182 -0.080687 0.280115
v -0.459394 -0.108530 0.272068
v -0.459485 -0.128379 0.262682
v -0.567012 0.154145 0.278364
v -0.569859 0.125501 0.280918
v -0.573071 0.095984 0.282288
v -0.573267 0.066454 0.282370
v -0.573236 0.036923 0.282357
v -0.572910 0.007393 0.282221
v -0.572798 -0.022137 0.282174
v -0.572607 -0.051668 0.282094
v -0.572908 -0.081151 0.281959
v -0.575557 -0.110185 0.278594
v -0.579290 -0.133270 0.273238
v -0.573052 0.153884 -0.296704
v -0.573267 0.125515 -0.298684
v -0.573267 0.095984 -0.298684
v -0.573267 0.066454 -0.298684
v -0.573267 0.036923 -0.298684
v -0.573267 0.007393 -0.298684
v -0.578872 -0.021980 -0.301122
v -0.591947 -0.051034 -0.306851
v -0.584382 -0.080797 -0.303532
v -0.573267 -0.110729 -0.298684
v -0.573196 -0.138780 -0.296244
v -0.457813 0.153192 -0.295646
v -0.457813 0.125513 -0.298682
v -0.457813 0.095984 -0.298684
v -0.457813 0.066454 -0.298684
v -0.457813 0.036923 -0.298684
v -0.457813 0.007393 -0.298684
v -0.457813 -0.022137 -0.298684
v -0.457813 -0.051668 -0.298684
v -0.457813 -0.081198 -0.298684
v -0.457813 -0.110729 -0.298684
v -0.457813 -0.138001 -0.294982
v -0.342360 0.151832 -0.293416
v -0.342360 0.125485 -0.298636
v -0.343073 0.096049 -0.299573
v -0.343512 0.066418 -0.300121
v -0.342498 0.036902 -0.298857
v -0.342360 0.007393 -0.298684
v -0.342360 -0.022137 -0.298684
v -0.342360 -0.051668 -0.298684
v -0.342360 -0.081198 -0.298684
v -0.342360 -0.110728 -0.298682
v -0.342360 -0.137524 -0.294200
v -0.226488 0.150611 -0.290112
v -0.227624 0.125809 -0.300400
v -0.229989 0.096523 -0.306044
v -0.230708 0.066227 -0.307761
v -0.228776 0.036373 -0.303149
v -0.226932 0.007379 -0.298747
v -0.226906 -0.022137 -0.298684
v -0.226906 -0.051668 -0.298684
v -0.226906 -0.081198 -0.298684
v -0.226906 -0.110729 -0.298684
v -0.226906 -0.137818 -0.294682
v -0.108232 0.156808 -0.292090
v -0.111586 0.126171 -0.302512
v -0.111873 0.096864 -0.310706
v -0.111963 0.066089 -0.313263
v -0.111729 0.035952 -0.306573
v -0.111467 0.007230 -0.299306
v -0.111311 -0.022184 -0.297811
v -0.111282 -0.051724 -0.297815
v -0.111447 -0.081200 -0.298659
v -0.111452 -0.110729 -0.298684
v -0.111452 -0.138698 -0.296124
v 0.008643 0.157767 -0.291737
v 0.004803 0.125769 -0.300755
v 0.007012 0.096616 -0.307314
v 0.007681 0.066190 -0.309231
v 0.005885 0.036258 -0.304083
v 0.004690 0.007148 -0.294776
v 0.005503 -0.022630 -0.290953
v 0.005097 -0.052024 -0.293653
v 0.004210 -0.081265 -0.297891
v 0.003934 -0.110707 -0.298998
v 0.004001 -0.138967 -0.296566
v 0.121456 0.152320 -0.289515
v 0.119458 0.125096 -0.298001
v 0.120751 0.096114 -0.300453
v 0.121314 0.066390 -0.301221
v 0.119914 0.036846 -0.299310
v 0.120412 0.007080 -0.293446
v 0.120812 -0.022579 -0.292450
v 0.119943 -0.051825 -0.297081
v 0.119045 -0.081062 -0.301166
v 0.118739 -0.110497 -0.301992
v 0.119454 -0.138711 -0.296145
v 0.234838 0.149613 -0.289757
v 0.234909 0.125513 -0.298682
v 0.234909 0.095984 -0.298684
v 0.234909 0.066454 -0.298684
v 0.234909 0.036923 -0.298684
v 0.235301 0.007265 -0.296748
v 0.235555 -0.022346 -0.295977
v 0.234678 -0.051590 -0.300449
v 0.233860 -0.080855 -0.304018
v 0.233825 -0.110378 -0.303625
v 0.234904 -0.139408 -0.297287
v 0.350155 0.150477 -0.291132
v 0.350340 0.125203 -0.298167
v 0.350362 0.095984 -0.298684
v 0.350362 0.066454 -0.298684
v 0.350362 0.036923 -0.298684
v 0.350362 0.007393 -0.298684
v 0.350334 -0.022128 -0.298880
v 0.349620 -0.051426 -0.302304
v 0.349169 -0.080811 -0.304176
v 0.350022 -0.110619 -0.300182
v 0.350330 -0.140225 -0.298622
v 0.465229 0.151967 -0.293445
v 0.465815 0.125509 -0.298674
v 0.465816 0.095984 -0.298684
v 0.465816 0.066454 -0.298684
v 0.465816 0.036923 -0.298684
v 0.465816 0.007393 -0.298684
v 0.465816 -0.022137 -0.298684
v 0.465785 -0.051658 -0.298819
v 0.465803 -0.081194 -0.298743
v 0.465696 -0.110671 -0.298564
v 0.463887 -0.139173 -0.296535
v 0.579481 0.154922 -0.297813
v 0.581270 0.125515 -0.298684
v 0.581270 0.095984 -0.298684
v 0.581270 0.066454 -0.298684
v 0.581270 0.036923 -0.298684
v 0.581270 0.007393 -0.298684
v 0.581270 -0.022137 -0.298684
v 0.581270 -0.051668 -0.298684
v 0.581270 -0.081198 -0.298684
v 0.580114 -0.110408 -0.297908
v 0.566942 -0.135980 -0.288915
v -0.655554 -0.160170 -0.246019
v -0.680443 -0.167620 -0.201659
v -0.687093 -0.169373 -0.153418
v -0.672988 -0.171803 -0.104143
v -0.649504 -0.173022 -0.053716
v -0.641003 -0.172445 -0.005628
v -0.646974 -0.171670 0.042235
v -0.657167 -0.166225 0.088887
v -0.656670 -0.161592 0.137107
v -0.655725 -0.161350 0.185528
v -0.656059 -0.159208 0.231712
v -0.665874 0.178756 0.232634
v -0.685978 0.183874 0.185526
v -0.688721 0.184576 0.137107
v -0.688384 0.183974 0.088606
v -0.686782 0.183326 0.038706
v -0.680807 0.181924 -0.010247
v -0.675421 0.178367 -0.057442
v -0.676791 0.178495 -0.105092
v -0.682867 0.183090 -0.153360
v -0.688505 0.184520 -0.201841
v -0.677904 0.181686 -0.249605
v 0.667211 -0.161377 0.230175
v 0.661348 -0.160520 0.184651
v 0.661469 -0.160722 0.136912
v 0.663315 -0.161233 0.088643
v 0.664155 -0.161457 0.040255
v 0.664934 -0.161658 -0.008159
v 0.666274 -0.162001 -0.056579
v 0.677764 -0.164940 -0.104999
v 0.695989 -0.169602 -0.153421
v 0.696723 -0.169790 -0.201842
v 0.659118 -0.159666 -0.244905
v 0.678631 0.179820 -0.248301
v 0.663425 0.175893 -0.201138
v 0.658720 0.174807 -0.153247
v 0.658587 0.174811 -0.104963
v 0.667721 0.177156 -0.056571
v 0.669509 0.177614 -0.008156
v 0.671682 0.181350 0.040875
v 0.672158 0.181052 0.089154
v 0.666664 0.177118 0.136683
v 0.643237 0.171575 0.181610
v 0.620561 0.166999 0.219504
v 0.578001 0.181193 -0.245312
v 0.576366 0.182664 -0.200543
v 0.578308 0.183733 -0.153250
v 0.579156 0.184018 -0.104988
v 0.580624 0.184197 -0.056567
v 0.580366 0.185474 -0.007869
v 0.577282 0.188297 0.041988
v 0.573976 0.187418 0.091352
v 0.577251 0.185338 0.137899
v 0.571405 0.181211 0.183549
v 0.560309 0.177960 0.226003
v 0.465483 0.180001 -0.242757
v 0.465799 0.184346 -0.201465
v 0.465817 0.184562 -0.153421
v 0.465783 0.183603 -0.104804
v 0.462308 0.182620 -0.052191
v 0.465118 0.186306 -0.002255
v 0.434081 0.185779 0.044908
v 0.436881 0.184595 0.092212
v 0.452164 0.181962 0.135982
v 0.470805 0.174447 0.177890
v 0.463265 0.183034 0.231842
v 0.350308 0.179849 -0.242502
v 0.350349 0.184493 -0.201806
v 0.337991 0.176848 -0.151033
v 0.271970 0.166552 -0.073273
v 0.288733 0.165191 -0.036080
v 0.296051 0.163411 -0.013178
v 0.294616 0.161669 0.012451
v 0.263307 0.157744 0.037460
v 0.289930 0.158479 0.092887
v 0.336487 0.159577 0.154378
v 0.354471 0.166511 0.221522
v 0.231714 0.175335 -0.240760
v 0.208167 0.164947 -0.190753
v 0.222511 0.177970 -0.127617
v 0.162181 0.180127 -0.078322
v 0.165804 0.166144 -0.050733
v 0.142717 0.161732 -0.033114
v 0.131074 0.158656 -0.019260
v 0.160801 0.153621 0.028290
v 0.199863 0.154768 0.086458
v 0.232208 0.152090 0.145362
v 0.256508 0.150254 0.200280
v 0.101641 0.161913 -0.233345
v 0.104160 0.163210 -0.175745
v 0.133039 0.183315 -0.105082
v 0.078849 0.178337 -0.050243
v 0.052670 0.169845 -0.022003
v 0.032358 0.167044 -0.009676
v 0.063603 0.160897 0.000945
v 0.084222 0.156639 0.016852
v 0.129601 0.154581 0.064570
v 0.143320 0.150372 0.144605
v 0.163812 0.146883 0.200225
v -0.010272 0.159747 -0.226844
v 0.002143 0.160779 -0.167911
v 0.056113 0.184959 -0.090873
v 0.015105 0.178527 -0.039556
v -0.028098 0.170393 -0.004815
v -0.022239 0.168632 0.009174
v -0.016630 0.167967 0.023634
v 0.017794 0.163078 0.034133
v 0.057785 0.159171 0.056465
v 0.058072 0.153910 0.140180
v 0.055546 0.154354 0.208429
v -0.114077 0.166859 -0.231712
v -0.117337 0.156890 -0.174217
v -0.059428 0.172060 -0.102986
v -0.047413 0.174444 -0.043482
v -0.080440 0.165152 -0.004460
v -0.110826 0.169831 0.016486
v -0.097710 0.174496 0.037216
v -0.064285 0.174039 0.053664
v -0.036430 0.173273 0.081428
v -0.030324 0.154103 0.154842
v -0.111189 0.184035 0.233395
v -0.227520 0.174241 -0.239140
v -0.227337 0.169819 -0.188707
v -0.219905 0.163401 -0.136115
v -0.210116 0.155139 -0.087233
v -0.226992 0.153265 -0.041042
v -0.225767 0.162738 0.009112
v -0.211952 0.174516 0.038836
v -0.182831 0.179196 0.064234
v -0.177723 0.173836 0.113549
v -0.226906 0.184576 0.185528
v -0.226906 0.184576 0.233949
v -0.343287 0.180770 -0.246878
v -0.342297 0.184081 -0.201793
v -0.344406 0.186423 -0.153037
v -0.345663 0.170207 -0.107890
v -0.338521 0.151676 -0.062573
v -0.339922 0.154224 -0.010356
v -0.343899 0.175238 0.039068
v -0.342773 0.184734 0.087559
v -0.342519 0.184906 0.137125
v -0.342360 0.184576 0.185528
v -0.342360 0.184576 0.233949
v -0.457813 0.183689 -0.248810
v -0.457813 0.184576 -0.201842
v -0.460502 0.184582 -0.153209
v -0.463397 0.166457 -0.106641
v -0.467971 0.152193 -0.056986
v -0.467449 0.158970 -0.004714
v -0.460883 0.178942 0.041176
v -0.456971 0.182740 0.087613
v -0.457409 0.183907 0.137040
v -0.457813 0.184576 0.185528
v -0.457812 0.184559 0.233922
v -0.572981 0.183490 -0.248582
v -0.573267 0.184576 -0.201842
v -0.574858 0.183556 -0.153253
v -0.577283 0.173345 -0.105920
v -0.581325 0.167450 -0.057495
v -0.579047 0.172594 -0.007982
v -0.572244 0.183583 0.038498
v -0.570950 0.181715 0.087621
v -0.572837 0.183814 0.137054
v -0.573257 0.184573 0.185528
v -0.572162 0.183947 0.233357
v -0.569570 -0.165672 -0.244777
v -0.573215 -0.169739 -0.201779
v -0.573267 -0.169790 -0.153421
v -0.562418 -0.171738 -0.103498
v -0.556808 -0.170125 -0.056402
v -0.568977 -0.169910 -0.009939
v -0.584951 -0.169704 0.038369
v -0.570668 -0.169869 0.088743
v -0.571499 -0.169337 0.137107
v -0.571289 -0.168443 0.184694
v -0.574134 -0.161211 0.226007
v -0.457812 -0.167071 -0.245805
v -0.457813 -0.169790 -0.201842
v -0.457813 -0.169790 -0.153421
v -0.451531 -0.169643 -0.104972
v -0.458558 -0.166216 -0.058744
v -0.463669 -0.165755 -0.011035
v -0.466502 -0.165177 0.037034
v -0.463025 -0.165482 0.086776
v -0.457813 -0.169790 0.137107
v -0.457661 -0.168069 0.183490
v -0.457654 -0.157993 0.218997
v -0.342360 -0.167705 -0.246845
v -0.342360 -0.169790 -0.201842
v -0.342360 -0.169790 -0.153421
v -0.346555 -0.167502 -0.105832
v -0.362266 -0.161348 -0.059679
v -0.367948 -0.160777 -0.012613
v -0.371520 -0.158715 0.035552
v -0.361338 -0.160670 0.086422
v -0.342360 -0.169790 0.137107
v -0.342175 -0.169484 0.185137
v -0.337845 -0.162502 0.223525
v -0.226906 -0.167388 -0.246325
v -0.226906 -0.169790 -0.201842
v -0.226906 -0.169790 -0.153421
v -0.236408 -0.165624 -0.105482
v -0.262569 -0.153670 -0.058311
v -0.270726 -0.150354 -0.010756
v -0.272722 -0.149091 0.036878
v -0.249410 -0.159781 0.086844
v -0.226906 -0.169790 0.137107
v -0.226906 -0.169712 0.185400
v -0.226801 -0.166606 0.228763
v -0.111452 -0.166908 -0.245537
v -0.111452 -0.169790 -0.201842
v -0.111452 -0.169790 -0.153421
v -0.122540 -0.163613 -0.104043
v -0.149035 -0.150562 -0.055082
v -0.159271 -0.146199 -0.007294
v -0.154218 -0.148720 0.040593
v -0.127154 -0.162110 0.088190
v -0.111452 -0.169790 0.137107
v -0.111452 -0.169790 0.185528
v -0.111452 -0.167090 0.229522
v 0.004001 -0.166798 -0.245358
v 0.004001 -0.169789 -0.201842
v 0.004010 -0.169799 -0.153420
v -0.009057 -0.160930 -0.103138
v -0.025234 -0.151903 -0.053565
v -0.032436 -0.148609 -0.005457
v -0.026027 -0.152349 0.042292
v -0.001135 -0.166946 0.089096
v 0.004001 -0.169790 0.137107
v 0.004001 -0.169790 0.185528
v 0.004001 -0.168076 0.231139
v 0.119454 -0.167446 -0.246421
v 0.119455 -0.169790 -0.201842
v 0.119448 -0.169792 -0.153418
v 0.108100 -0.160848 -0.103663
v 0.097933 -0.153415 -0.054183
v 0.096264 -0.152512 -0.005800
v 0.103897 -0.157883 0.041813
v 0.118070 -0.168672 0.088814
v 0.119455 -0.169790 0.137107
v 0.119455 -0.169790 0.185528
v 0.119455 -0.168868 0.232437
v 0.234908 -0.169003 -0.248974
v 0.234909 -0.169790 -0.201842
v 0.234914 -0.169801 -0.153419
v 0.228007 -0.163028 -0.104716
v 0.221062 -0.156367 -0.055975
v 0.220989 -0.156009 -0.007651
v 0.226487 -0.160379 0.040250
v 0.233441 -0.167481 0.088517
v 0.234909 -0.169790 0.137107
v 0.234909 -0.169790 0.185528
v 0.234909 -0.169013 0.232676
v 0.350362 -0.169790 -0.250263
v 0.350362 -0.169790 -0.201842
v 0.350362 -0.169790 -0.153421
v 0.348041 -0.166720 -0.105117
v 0.342832 -0.159988 -0.056923
v 0.342389 -0.158906 -0.008634
v 0.345350 -0.161564 0.039698
v 0.349193 -0.167521 0.088478
v 0.350362 -0.169790 0.137107
v 0.350362 -0.169790 0.185528
v 0.350362 -0.168481 0.231803
v 0.465805 -0.169742 -0.250188
v 0.465816 -0.169790 -0.201842
v 0.465816 -0.169790 -0.153421
v 0.465724 -0.169618 -0.105016
v 0.463330 -0.165209 -0.056971
v 0.462218 -0.162604 -0.008729
v 0.463300 -0.164239 0.039825
v 0.465804 -0.169766 0.088683
v 0.465816 -0.169790 0.137107
v 0.465816 -0.169790 0.185528
v 0.465816 -0.167449 0.230111
v 0.574512 -0.166321 -0.246280
v 0.581270 -0.169790 -0.201842
v 0.581264 -0.169788 -0.153421
v 0.579726 -0.169395 -0.104999
v 0.577169 -0.168741 -0.056578
v 0.577248 -0.168711 -0.008163
v 0.577547 -0.168836 0.040261
v 0.577808 -0.168898 0.088672
v 0.577825 -0.168870 0.137029
v 0.578664 -0.168824 0.184990
v 0.579416 -0.166653 0.229415
v 0.686843 -0.138453 -0.247679
v 0.696723 -0.140259 -0.201842
v 0.696723 -0.140259 -0.153421
v 0.696380 -0.140171 -0.104999
v 0.695534 -0.139955 -0.056578
v 0.695243 -0.139881 -0.008157
v 0.694796 -0.139766 0.040263
v 0.694374 -0.139658 0.088680
v 0.693532 -0.139441 0.137073
v 0.692577 -0.139209 0.185323
v 0.692706 -0.139450 0.232977
v 0.696705 -0.110725 -0.250260
v 0.696723 -0.110729 -0.201842
v 0.696723 -0.110729 -0.153421
v 0.696723 -0.110729 -0.104999
v 0.696723 -0.110729 -0.056578
v 0.696690 -0.110720 -0.008157
v 0.696604 -0.110698 0.040264
v 0.696539 -0.110682 0.088685
v 0.696527 -0.110678 0.137104
v 0.696584 -0.110694 0.185520
v 0.696625 -0.110714 0.233923
v 0.696723 -0.081198 -0.250263
v 0.696723 -0.081198 -0.201842
v 0.696723 -0.081198 -0.153421
v 0.696723 -0.081198 -0.104999
v 0.696723 -0.081198 -0.056578
v 0.696723 -0.081198 -0.008157
v 0.696716 -0.081198 0.040264
v 0.696720 -0.081196 0.088685
v 0.696766 -0.081197 0.137104
v 0.698021 -0.081176 0.185943
v 0.695838 -0.081173 0.233950
v 0.696723 -0.051668 -0.250263
v 0.696723 -0.051668 -0.201842
v 0.696723 -0.051668 -0.153421
v 0.696723 -0.051668 -0.104999
v 0.696446 -0.051671 -0.056579
v 0.696552 -0.051669 -0.008157
v 0.696721 -0.051668 0.040264
v 0.696773 -0.051668 0.088685
v 0.697358 -0.051666 0.137158
v 0.702251 -0.051570 0.187607
v 0.691249 -0.051634 0.232805
v 0.696723 -0.022137 -0.250263
v 0.696723 -0.022137 -0.201842
v 0.696723 -0.022137 -0.153421
v 0.694895 -0.022168 -0.105033
v 0.689861 -0.022339 -0.056652
v 0.691046 -0.022286 -0.008091
v 0.696120 -0.022143 0.040271
v 0.696822 -0.022137 0.088686
v 0.697679 -0.022136 0.137211
v 0.701637 -0.022087 0.187838
v 0.689996 -0.022157 0.232646
v 0.696723 0.007393 -0.250263
v 0.696723 0.007393 -0.201842
v 0.696699 0.007393 -0.153421
v 0.690807 0.007351 -0.105182
v 0.678976 0.007150 -0.056924
v 0.680770 0.007182 -0.007834
v 0.692985 0.007371 0.040346
v 0.696778 0.007393 0.088686
v 0.697385 0.007393 0.137126
v 0.699414 0.007390 0.187099
v 0.692936 0.007368 0.234422
v 0.696723 0.036923 -0.250263
v 0.696723 0.036923 -0.201842
v 0.696697 0.036923 -0.153421
v 0.692417 0.036981 -0.105115
v 0.682084 0.037286 -0.056840
v 0.683094 0.037230 -0.007917
v 0.693398 0.036954 0.040331
v 0.696749 0.036923 0.088686
v 0.697915 0.036931 0.137227
v 0.701225 0.037018 0.187202
v 0.691834 0.036901 0.235188
v 0.696723 0.066454 -0.250263
v 0.696723 0.066454 -0.201842
v 0.696723 0.066454 -0.153421
v 0.696333 0.066458 -0.105003
v 0.693648 0.066531 -0.056604
v 0.693642 0.066526 -0.008133
v 0.696216 0.066459 0.040269
v 0.696724 0.066454 0.088685
v 0.697812 0.066471 0.137267
v 0.703402 0.066708 0.187774
v 0.686923 0.066364 0.233546
v 0.696723 0.095984 -0.250263
v 0.696723 0.095984 -0.201842
v 0.696723 0.095984 -0.153421
v 0.696723 0.095984 -0.104999
v 0.696723 0.095984 -0.056578
v 0.696723 0.095984 -0.008157
v 0.696723 0.095984 0.040264
v 0.696723 0.095984 0.088685
v 0.697112 0.095999 0.137194
v 0.700009 0.096196 0.186892
v 0.678487 0.095615 0.228342
v 0.696723 0.125515 -0.250263
v 0.696723 0.125515 -0.201842
v 0.696723 0.125515 -0.153421
v 0.696723 0.125515 -0.104999
v 0.696723 0.125515 -0.056578
v 0.696723 0.125515 -0.008157
v 0.696723 0.125515 0.040264
v 0.696723 0.125515 0.088686
v 0.696264 0.125470 0.136973
v 0.688185 0.124709 0.182910
v 0.664627 0.123434 0.222399
v 0.695830 0.155033 -0.249903
v 0.694663 0.154527 -0.201773
v 0.692723 0.154019 -0.153399
v 0.689412 0.153174 -0.104992
v 0.692970 0.154085 -0.056576
v 0.694935 0.154588 -0.008157
v 0.695960 0.155121 0.040316
v 0.696131 0.155176 0.088735
v 0.692764 0.154222 0.136710
v 0.674293 0.151033 0.181144
v 0.647723 0.148149 0.218999
v -0.686298 -0.139557 0.233847
v -0.686216 -0.139619 0.185528
v -0.685771 -0.139505 0.137107
v -0.683909 -0.142969 0.088740
v -0.654856 -0.169034 0.044358
v -0.639584 -0.170986 -0.002224
v -0.644360 -0.170555 -0.050909
v -0.680201 -0.153973 -0.104540
v -0.688721 -0.140259 -0.153421
v -0.688364 -0.140167 -0.201820
v -0.684382 -0.139142 -0.249597
v -0.688720 -0.110729 0.233949
v -0.688721 -0.110729 0.185528
v -0.688721 -0.110729 0.137107
v -0.691187 -0.110697 0.088667
v -0.685936 -0.125077 0.040471
v -0.662211 -0.156733 -0.006536
v -0.674503 -0.142178 -0.056023
v -0.686345 -0.110745 -0.105021
v -0.688721 -0.110729 -0.153421
v -0.688721 -0.110729 -0.201842
v -0.688717 -0.110728 -0.250263
v -0.688394 -0.081198 0.233812
v -0.688695 -0.081198 0.185517
v -0.689049 -0.081192 0.137111
v -0.685914 -0.081271 0.088712
v -0.683691 -0.081417 0.040441
v -0.681721 -0.081365 -0.007974
v -0.683930 -0.081245 -0.056607
v -0.687082 -0.081221 -0.105004
v -0.688721 -0.081198 -0.153421
v -0.688721 -0.081198 -0.201842
v -0.698790 -0.080835 -0.254655
v -0.683552 -0.051668 0.231782
v -0.688492 -0.051668 0.185432
v -0.686997 -0.051701 0.137069
v -0.681658 -0.051853 0.088542
v -0.680630 -0.051937 0.040352
v -0.683948 -0.051852 -0.008001
v -0.687489 -0.051687 -0.056578
v -0.688399 -0.051673 -0.104998
v -0.688721 -0.051668 -0.153421
v -0.688721 -0.051668 -0.201842
v -0.705943 -0.051080 -0.257791
v -0.687434 -0.022137 0.233409
v -0.688721 -0.022137 0.185528
v -0.685444 -0.022190 0.137019
v -0.681736 -0.022273 0.088437
v -0.683438 -0.022270 0.040155
v -0.688094 -0.022269 -0.008152
v -0.688319 -0.022143 -0.056583
v -0.688718 -0.022138 -0.104999
v -0.688721 -0.022137 -0.153421
v -0.688721 -0.022137 -0.201842
v -0.692309 -0.022036 -0.251825
v -0.688200 0.007393 0.233731
v -0.688719 0.007393 0.185528
v -0.688419 0.007389 0.137100
v -0.688669 0.007392 0.088684
v -0.684495 0.006954 0.041064
v -0.680779 0.006567 -0.008192
v -0.684747 0.006980 -0.057366
v -0.688721 0.007393 -0.104999
v -0.688721 0.007393 -0.153421
v -0.688721 0.007393 -0.201842
v -0.688721 0.007393 -0.250263
v -0.688700 0.036923 0.233941
v -0.688721 0.036923 0.185528
v -0.688721 0.036923 0.137107
v -0.688472 0.036927 0.088781
v -0.681645 0.037024 0.041604
v -0.676334 0.037099 -0.008211
v -0.681998 0.037019 -0.057911
v -0.688569 0.036926 -0.105059
v -0.688721 0.036923 -0.153421
v -0.688721 0.036923 -0.201842
v -0.688721 0.036923 -0.250263
v -0.688721 0.066454 0.233949
v -0.688721 0.066454 0.185528
v -0.688721 0.066454 0.137107
v -0.688721 0.066454 0.088685
v -0.685799 0.066841 0.040818
v -0.682768 0.067242 -0.008183
v -0.686001 0.066814 -0.057117
v -0.688720 0.066454 -0.104999
v -0.688720 0.066454 -0.153421
v -0.688720 0.066454 -0.201842
v -0.688721 0.066454 -0.250263
v -0.688604 0.095984 0.233900
v -0.688721 0.095984 0.185528
v -0.688721 0.095984 0.137107
v -0.688721 0.095984 0.088685
v -0.688721 0.095984 0.040264
v -0.688702 0.095989 -0.008157
v -0.688713 0.095982 -0.056578
v -0.688712 0.095982 -0.104999
v -0.688719 0.095984 -0.153421
v -0.688720 0.095984 -0.201842
v -0.688721 0.095984 -0.250263
v -0.686035 0.125508 0.232833
v -0.688716 0.125515 0.185526
v -0.688721 0.125515 0.137107
v -0.688721 0.125515 0.088685
v -0.688780 0.125907 0.040204
v -0.692302 0.140414 -0.009466
v -0.695500 0.146805 -0.057459
v -0.689826 0.128170 -0.104843
v -0.688720 0.125515 -0.153421
v -0.688721 0.125515 -0.201842
v -0.688721 0.125515 -0.250263
v -0.681639 0.154477 0.231843
v -0.688645 0.155031 0.185520
v -0.688721 0.155045 0.137107
v -0.688728 0.155060 0.088686
v -0.692022 0.170035 0.039889
v -0.696188 0.179949 -0.007308
v -0.699355 0.177465 -0.055028
v -0.696486 0.170438 -0.103990
v -0.689047 0.155568 -0.153314
v -0.688721 0.155045 -0.201842
v -0.688438 0.155005 -0.250197
vn -0.8334 0.4901 -0.2556
vn 0.0665 0.2576 -0.9640
vn 0.5186 0.5822 0.6262
vn -0.1353 0.2254 0.9648
vn 0.0321 -0.9775 0.2085
vn -0.0610 0.9803 0.1876
vn 0.1940 0.9238 0.3301
vn 0.0693 0.9483 0.3096
vn -0.0511 0.9980 -0.0360
vn -0.0257 0.9436 -0.3300
vn -0.0152 0.9138 -0.4058
vn -0.0195 0.9319 -0.3622
vn 0.1483 0.9880 0.0441
vn 0.0418 0.9953 0.0878
vn -0.0000 1.0000 -0.0000
vn -0.0097 0.9997 0.0227
vn -0.0285 0.9941 0.1047
vn 0.0159 -0.9936 0.1122
vn 0.0379 -0.9827 0.1814
vn -0.0382 -0.9797 0.1969
vn -0.0440 -0.9735 0.2246
vn 0.0005 -0.9681 0.2507
vn -0.0072 -0.9579 0.2870
vn -0.0097 -0.9525 0.3044
vn -0.0069 -0.9576 0.2882
vn 0.0036 -0.9650 0.2624
vn 0.0162 -0.9641 0.2650
vn 0.0072 -0.9620 0.2731
vn 0.2659 0.3992 0.8775
vn 0.1163 0.5298 0.8401
vn 0.0724 0.4125 0.9081
vn 0.0460 0.1029 0.9936
vn -0.0006 0.0033 1.0000
vn -0.1853 0.1727 0.9674
vn 0.1381 0.4292 0.8926
vn 0.0676 0.2113 0.9751
vn -0.0000 -0.0000 1.0000
vn -0.0165 0.0584 0.9982
vn -0.0586 0.2090 0.9762
vn 0.0099 0.4452 -0.8954
vn 0.0109 0.5275 -0.8495
vn 0.0231 0.5290 -0.8483
vn 0.0535 0.6231 -0.7803
vn -0.0100 0.8379 -0.5457
vn 0.0066 0.9496 -0.3134
vn 0.0128 0.9081 -0.4185
vn -0.0012 0.7629 -0.6465
vn -0.0131 0.7110 -0.7031
vn -0.0314 0.6875 -0.7255
vn -0.0751 0.5562 -0.8277
vn 0.1313 -0.3422 -0.9304
vn 0.0405 -0.2103 -0.9768
vn 0.0031 -0.0163 -0.9999
vn 0.0008 -0.0013 -1.0000
vn 0.0006 0.0023 -1.0000
vn -0.0000 -0.0000 -1.0000
vn -0.0000 0.0002 -1.0000
vn -0.0203 0.1077 -0.9940
vn 0.0263 -0.1271 -0.9915
vn 0.0164 -0.0621 -0.9979
vn 0.0301 -0.0698 -0.9971
vn 0.0383 0.0301 -0.9988
vn 0.0159 0.0602 -0.9981
vn 0.0008 0.0033 -1.0000
vn -0.0022 0.0090 -1.0000
vn -0.0137 0.2305 -0.9730
vn -0.0621 -0.2983 -0.9525
vn 0.0084 -0.1333 -0.9910
vn 0.0141 -0.0735 -0.9972
vn -0.0088 0.0926 -0.9957
vn -0.0207 0.1342 -0.9907
vn -0.0210 -0.0098 -0.9997
vn -0.0084 -0.0328 -0.9994
vn 0.0022 0.0089 -1.0000
vn -0.0043 0.3075 -0.9515
vn -0.0279 -0.5687 -0.8221
vn -0.0123 -0.2085 -0.9779
vn -0.0195 0.0074 -0.9998
vn -0.0271 0.1305 -0.9911
vn -0.0300 0.1546 -0.9875
vn -0.0297 -0.0301 -0.9991
vn -0.0114 -0.1303 -0.9914
vn 0.0138 -0.0326 -0.9994
vn 0.0189 0.0131 -0.9997
vn 0.0047 0.0420 -0.9991
vn -0.0006 0.3213 -0.9470
vn -0.0024 -0.6516 -0.7585
vn -0.0108 -0.1452 -0.9893
vn -0.0273 0.0331 -0.9991
vn -0.0291 0.1417 -0.9895
vn -0.0214 0.1245 -0.9920
vn -0.0007 -0.0808 -0.9967
vn 0.0263 -0.2497 -0.9680
vn 0.0561 -0.1206 -0.9911
vn 0.0653 0.0458 -0.9968
vn 0.0423 0.1555 -0.9869
vn 0.0285 0.2807 -0.9594
vn -0.0049 -0.6755 -0.7374
vn -0.0034 -0.0884 -0.9961
vn 0.0020 0.0192 -0.9998
vn 0.0213 0.0858 -0.9961
vn 0.0473 0.0455 -0.9978
vn 0.0484 -0.0886 -0.9949
vn 0.0291 -0.2758 -0.9608
vn 0.0273 -0.1940 -0.9806
vn 0.0311 0.0732 -0.9968
vn 0.0219 0.2453 -0.9692
vn 0.0079 0.2956 -0.9553
vn -0.0093 -0.6598 -0.7514
vn -0.0067 -0.1184 -0.9929
vn 0.0001 0.0004 -1.0000
vn 0.0039 0.0143 -0.9999
vn 0.0075 0.0001 -1.0000
vn 0.0013 -0.0264 -0.9997
vn -0.0173 -0.1988 -0.9799
vn -0.0376 -0.1863 -0.9818
vn -0.0428 0.0703 -0.9966
vn -0.0288 0.2310 -0.9725
vn -0.0262 0.3517 -0.9358
vn -0.0029 -0.6355 -0.7721
vn -0.0023 -0.1555 -0.9878
vn -0.0003 -0.0011 -1.0000
vn -0.0191 -0.0786 -0.9967
vn -0.0527 -0.1009 -0.9935
vn -0.0623 0.0389 -0.9973
vn -0.0363 0.1132 -0.9929
vn 0.0075 0.2900 -0.9570
vn 0.0033 -0.6446 -0.7645
vn 0.0037 -0.1497 -0.9887
vn -0.0008 -0.0029 -1.0000
vn -0.0070 -0.0215 -0.9997
vn -0.0101 0.0093 -0.9999
vn -0.0037 0.0160 -0.9999
vn 0.0107 0.1511 -0.9885
vn 0.0099 -0.6693 -0.7429
vn 0.0058 -0.1104 -0.9939
vn 0.0198 -0.0775 -0.9968
vn 0.0496 -0.0495 -0.9975
vn 0.0416 0.0880 -0.9952
vn 0.0103 0.0404 -0.9991
vn 0.0048 0.0891 -0.9960
vn 0.0159 -0.6534 -0.7568
vn 0.0013 -0.0814 -0.9967
vn -0.0207 -0.0891 -0.9958
vn -0.0678 -0.0436 -0.9967
vn -0.0628 0.1184 -0.9910
vn -0.0184 0.0284 -0.9994
vn -0.0022 -0.0052 -1.0000
vn -0.0005 -0.0014 -1.0000
vn -0.0000 -0.0002 -1.0000
vn -0.0081 0.1025 -0.9947
vn 0.0800 -0.3012 0.9502
vn 0.0773 -0.3299 0.9408
vn 0.0373 -0.1990 0.9793
vn 0.0069 -0.0409 0.9991
vn -0.0021 -0.0014 1.0000
vn -0.0015 -0.0008 1.0000
vn -0.0007 -0.0023 1.0000
vn -0.0001 -0.0002 1.0000
vn -0.0004 0.0014 1.0000
vn -0.0067 0.0237 0.9997
vn -0.0240 0.0479 0.9986
vn -0.0366 -0.3047 0.9517
vn -0.0355 -0.3358 0.9413
vn -0.0112 -0.2541 0.9671
vn -0.0026 -0.0673 0.9977
vn -0.0000 0.0001 1.0000
vn -0.0008 0.0027 1.0000
vn -0.0805 -0.5140 0.8540
vn -0.0822 -0.1598 0.9837
vn -0.0375 -0.1463 0.9885
vn -0.0073 -0.0284 0.9996
vn 0.0045 -0.6382 0.7698
vn -0.0095 -0.0918 0.9957
vn -0.0072 -0.0283 0.9996
vn 0.0038 0.0149 0.9999
vn 0.0106 0.0118 0.9999
vn 0.0136 0.0001 0.9999
vn 0.0020 -0.6324 0.7747
vn 0.0032 -0.1259 0.9920
vn 0.0001 0.0004 1.0000
vn 0.0342 0.1611 0.9863
vn 0.1084 0.1727 0.9790
vn 0.1434 -0.0187 0.9895
vn -0.0045 -0.5857 0.8105
vn 0.0017 -0.1457 0.9893
vn 0.0001 -0.0002 1.0000
vn 0.0062 0.0250 0.9997
vn -0.0311 0.1208 0.9922
vn -0.1115 0.1546 0.9817
vn -0.1444 -0.0175 0.9894
vn -0.0176 -0.5607 0.8278
vn -0.0087 -0.1164 0.9932
vn -0.0063 0.0246 0.9997
vn -0.0063 -0.0245 0.9997
vn -0.0000 -0.5701 0.8216
vn -0.0005 -0.0794 0.9968
vn -0.0008 -0.0031 1.0000
vn -0.0026 -0.0039 1.0000
vn -0.0020 0.0061 1.0000
vn 0.0192 0.0763 0.9969
vn 0.0294 -0.0365 0.9989
vn 0.0179 -0.6080 0.7937
vn 0.0039 -0.0933 0.9956
vn -0.0024 -0.0094 1.0000
vn -0.0117 -0.0272 0.9996
vn -0.0212 -0.0116 0.9997
vn -0.0251 -0.0045 0.9997
vn -0.0249 -0.0008 0.9997
vn -0.0205 0.0046 0.9998
vn -0.0106 0.0394 0.9992
vn -0.0100 0.1283 0.9917
vn 0.0027 0.0037 1.0000
vn 0.0057 -0.6473 0.7622
vn 0.0020 -0.1177 0.9931
vn 0.0008 -0.0155 0.9999
vn 0.0110 -0.0209 0.9997
vn 0.0295 0.0091 0.9995
vn 0.0437 0.0117 0.9990
vn 0.0471 0.0009 0.9989
vn 0.0510 0.0376 0.9980
vn 0.0715 0.1323 0.9886
vn 0.1008 0.1628 0.9815
vn 0.1263 0.1287 0.9836
vn 0.0263 -0.5974 0.8015
vn 0.0349 -0.2063 0.9779
vn 0.0458 0.1021 0.9937
vn 0.1441 0.2196 0.9649
vn 0.2464 0.0961 0.9644
vn 0.2350 -0.0195 0.9718
vn 0.1960 -0.0570 0.9789
vn 0.1976 0.1116 0.9739
vn 0.2224 0.2893 0.9310
vn 0.2493 0.2935 0.9229
vn 0.2796 0.2233 0.9338
vn 0.0675 -0.4039 0.9123
vn 0.0436 -0.1557 0.9868
vn -0.0243 0.0796 0.9965
vn -0.1033 0.0643 0.9926
vn -0.1167 -0.0310 0.9927
vn -0.1020 -0.0206 0.9946
vn -0.0703 -0.0873 0.9937
vn -0.0223 -0.0874 0.9959
vn -0.0192 0.0777 0.9968
vn -0.0844 0.2157 0.9728
vn -0.1500 0.1297 0.9801
vn 0.6022 -0.7517 0.2689
vn 0.9093 -0.3573 0.2134
vn 0.9372 0.2641 0.2277
vn 0.7268 0.4366 0.5302
vn 0.6317 0.1057 0.7680
vn 0.6041 -0.1262 0.7868
vn 0.6538 -0.0724 0.7532
vn 0.6487 0.2075 0.7322
vn 0.5392 0.3782 0.7524
vn 0.4864 0.4129 0.7700
vn 0.5117 0.3951 0.7629
vn 0.1045 -0.5727 -0.8131
vn 0.0399 -0.5164 -0.8554
vn -0.0011 -0.0221 -0.9998
vn 0.0552 0.2488 -0.9670
vn -0.5508 -0.8342 -0.0265
vn -0.9871 -0.1600 -0.0053
vn -0.9782 -0.1823 -0.0999
vn -0.9435 -0.0858 -0.3201
vn -0.9248 0.2594 -0.2784
vn -0.9965 0.0301 -0.0783
vn -0.9998 -0.0124 -0.0122
vn -1.0000 -0.0034 -0.0026
vn -1.0000 -0.0004 -0.0003
vn -1.0000 -0.0000 -0.0000
vn -0.9831 0.1587 -0.0908
vn -0.7176 0.2042 0.6659
vn -0.9917 0.0775 0.1031
vn -1.0000 0.0012 0.0008
vn -1.0000 -0.0001 0.0001
vn -0.9987 -0.0439 0.0275
vn -0.9946 -0.0860 0.0573
vn -0.9917 -0.1134 0.0613
vn -0.9888 -0.1403 -0.0503
vn -0.9930 -0.0950 -0.0697
vn -1.0000 -0.0055 -0.0033
vn -1.0000 0.0048 -0.0029
vn -0.8102 0.4187 0.4102
vn -0.9986 0.0441 0.0292
vn -1.0000 0.0001 -0.0000
vn -1.0000 -0.0010 0.0006
vn -0.9984 -0.0486 0.0285
vn -0.9938 -0.1078 0.0259
vn -0.9947 -0.0950 -0.0404
vn -0.9998 -0.0180 -0.0108
vn -0.9777 0.1804 0.1079
vn -1.0000 0.0020 0.0012
vn -0.9983 -0.0500 -0.0305
vn -0.9880 -0.1514 -0.0316
vn -0.9884 -0.1479 0.0336
vn -0.9985 -0.0463 0.0284
vn -1.0000 0.0002 0.0001
vn -0.9713 -0.2031 0.1237
vn -1.0000 -0.0003 0.0002
vn -1.0000 -0.0042 -0.0026
vn -0.9919 -0.0751 -0.1021
vn -0.9811 -0.1743 -0.0837
vn -0.9810 -0.1721 0.0894
vn -0.9927 -0.0709 0.0974
vn -1.0000 -0.0026 0.0016
vn -0.9109 -0.1938 0.3642
vn -0.9999 -0.0085 0.0056
vn -1.0000 -0.0051 -0.0031
vn -1.0000 -0.0018 -0.0000
vn -0.9920 0.0519 -0.1153
vn -0.9887 0.1198 -0.0905
vn -0.9883 0.1183 0.0967
vn -0.9926 0.0495 0.1106
vn -1.0000 0.0026 0.0016
vn -0.8685 -0.0546 0.4928
vn -0.9997 -0.0130 0.0188
vn -0.9981 -0.0502 -0.0368
vn -0.9857 -0.1647 -0.0350
vn -0.9907 -0.1339 -0.0249
vn -0.9942 0.1070 0.0092
vn -0.9818 0.1850 0.0432
vn -0.9971 0.0613 0.0456
vn -0.9975 0.0598 0.0364
vn -0.8577 -0.1286 0.4979
vn -0.9953 -0.0712 0.0658
vn -0.9985 0.0225 -0.0492
vn -0.9954 0.0246 -0.0928
vn -0.9988 -0.0486 0.0070
vn -0.9899 -0.1157 0.0816
vn -0.9957 -0.0837 0.0384
vn -0.9997 -0.0194 0.0135
vn -1.0000 -0.0054 0.0033
vn -0.9603 0.2042 0.1900
vn -0.8623 0.2202 0.4559
vn -0.9947 0.0869 0.0551
vn -0.9992 0.0381 -0.0118
vn -0.9906 0.1057 -0.0869
vn -0.9918 0.1231 -0.0337
vn -0.9998 0.0141 0.0140
vn -0.9935 -0.0973 0.0585
vn -0.9957 -0.0822 0.0417
vn -0.9995 -0.0223 0.0202
vn -0.9649 -0.1037 0.2412
vn -0.9216 0.3150 0.2268
vn -1.0000 0.0060 0.0031
vn -1.0000 -0.0051 0.0037
vn -0.9965 0.0836 -0.0069
vn -0.9905 0.1019 -0.0921
vn -0.9666 -0.1428 -0.2130
vn -0.9723 -0.2047 0.1131
vn -0.9871 -0.1102 0.1164
vn -0.9991 -0.0125 0.0414
vn -0.9824 -0.1594 0.0971
vn -0.9849 -0.1523 0.0830
vn -0.9964 -0.0850 -0.0008
vn -0.9955 -0.0942 -0.0047
vn -0.9862 -0.1652 0.0120
vn -0.8830 -0.4511 -0.1301
vn -0.7295 -0.6814 -0.0593
vn -0.6273 -0.7787 -0.0098
vn -0.8790 -0.4292 0.2076
vn -0.9916 -0.0831 0.0993
vn -1.0000 -0.0060 -0.0037
vn -0.9958 -0.0813 -0.0421
vn -0.5829 -0.8116 0.0379
vn -0.5626 -0.8265 0.0168
vn -0.5924 -0.8056 0.0041
vn -0.6294 -0.7750 0.0561
vn -0.5980 -0.8012 0.0195
vn -0.5982 -0.7935 -0.1116
vn -0.5640 0.8223 0.0761
vn -0.8700 -0.1446 0.4713
vn -0.9646 -0.1800 0.1927
vn -0.9833 -0.1662 -0.0745
vn -0.7518 -0.5922 -0.2900
vn 0.8253 0.4897 -0.2812
vn 0.9987 0.0503 0.0123
vn 0.9943 0.1047 0.0205
vn 0.9797 0.1973 0.0352
vn 0.9805 0.1929 -0.0378
vn 0.9952 0.0957 -0.0207
vn 0.9990 0.0435 -0.0108
vn 0.9997 0.0229 -0.0018
vn 0.9967 0.0700 0.0403
vn 0.9121 0.2984 0.2810
vn 0.7216 0.4853 0.4938
vn 1.0000 -0.0000 -0.0000
vn 0.9999 0.0144 0.0007
vn 0.9747 0.2169 0.0541
vn 0.7823 0.4352 0.4457
vn 1.0000 -0.0066 0.0040
vn 0.9979 -0.0587 0.0277
vn 0.9946 -0.1039 0.0001
vn 0.9978 -0.0607 -0.0266
vn 0.9999 -0.0086 -0.0052
vn 0.9998 0.0118 -0.0152
vn 0.9941 0.0676 -0.0845
vn 0.8933 0.2205 0.3916
vn 1.0000 -0.0004 0.0003
vn 0.9966 -0.0667 0.0482
vn 0.9586 -0.2535 0.1301
vn 0.9355 -0.3533 -0.0099
vn 0.9668 -0.2204 -0.1296
vn 0.9981 -0.0473 -0.0398
vn 0.9997 0.0022 -0.0232
vn 0.9955 -0.0340 -0.0881
vn 0.9627 0.0493 0.2659
vn 1.0000 -0.0000 0.0005
vn 0.9941 -0.0271 0.1047
vn 0.9717 -0.0773 0.2232
vn 0.9955 -0.0899 -0.0285
vn 0.9728 -0.0450 -0.2272
vn 0.9973 -0.0065 -0.0737
vn 0.9998 -0.0085 -0.0183
vn 0.9978 -0.0393 -0.0533
vn 0.9863 -0.0142 0.1642
vn 1.0000 0.0004 0.0003
vn 0.9944 0.0695 0.0795
vn 0.9553 0.2436 0.1676
vn 0.9408 0.3377 -0.0290
vn 0.9602 0.2193 -0.1727
vn 0.9975 0.0538 -0.0464
vn 0.9999 0.0057 -0.0151
vn 0.9974 0.0417 -0.0594
vn 0.9811 -0.0153 0.1929
vn 0.9993 0.0310 0.0189
vn 0.9884 0.1414 0.0545
vn 0.9794 0.2017 -0.0132
vn 0.9932 0.1030 -0.0540
vn 0.9999 0.0093 -0.0078
vn 0.9999 -0.0063 -0.0149
vn 0.9962 0.0054 -0.0872
vn 0.9693 0.0304 0.2439
vn 1.0000 0.0047 0.0029
vn 1.0000 0.0076 -0.0011
vn 1.0000 0.0028 -0.0017
vn 1.0000 -0.0010 -0.0006
vn 0.9999 -0.0109 -0.0065
vn 0.9949 -0.0793 -0.0615
vn 0.9901 0.0048 0.1401
vn 0.9997 -0.0214 -0.0127
vn 1.0000 -0.0003 -0.0002
vn 1.0000 -0.0006 0.0003
vn 1.0000 -0.0025 0.0010
vn 1.0000 -0.0050 0.0006
vn 1.0000 -0.0071 -0.0003
vn 0.9995 -0.0283 -0.0135
vn 0.9997 -0.0112 0.0222
vn 0.6065 -0.7361 -0.3006
vn 0.9791 -0.1734 -0.1062
vn 1.0000 -0.0058 0.0036
vn 0.9996 -0.0261 0.0088
vn 0.9990 -0.0451 0.0034
vn 0.9984 -0.0558 0.0056
vn 0.9977 -0.0683 0.0051
vn 0.9960 -0.0890 0.0090
vn 0.9926 -0.1214 0.0095
vn 0.9906 -0.1371 -0.0021
vn 0.3954 -0.7131 -0.5789
vn 0.7646 -0.4433 -0.4679
vn 0.9999 -0.0125 0.0076
vn 0.9238 -0.3304 0.1933
vn 0.6948 -0.7105 0.1117
vn 0.5925 -0.8054 0.0134
vn 0.5806 -0.8141 0.0100
vn 0.5741 -0.8187 0.0103
vn 0.5615 -0.8272 0.0218
vn 0.5582 -0.8297 0.0100
vn 0.6074 -0.7929 -0.0484
vn 0.0817 -0.9757 -0.2035
vn 0.0159 -0.9991 -0.0390
vn -0.0000 -1.0000 -0.0000
vn 0.0010 -1.0000 0.0059
vn -0.0146 -0.9986 0.0517
vn -0.0422 -0.9988 0.0268
vn -0.0466 -0.9988 -0.0175
vn -0.0163 -0.9982 -0.0569
vn 0.0080 -1.0000 0.0001
vn 0.0084 -1.0000 0.0004
vn 0.0080 -0.9987 0.0506
vn 0.0106 -0.9979 -0.0637
vn 0.0002 -1.0000 -0.0005
vn -0.0124 -0.9994 0.0332
vn -0.0339 -0.9931 0.1123
vn -0.0370 -0.9986 0.0376
vn -0.0268 -0.9987 -0.0431
vn -0.0207 -0.9931 -0.1155
vn -0.0097 -0.9997 -0.0235
vn 0.0048 -0.9992 0.0401
vn -0.0394 -0.9923 -0.1171
vn -0.0035 -1.0000 -0.0082
vn -0.0000 -1.0000 -0.0001
vn -0.0154 -0.9949 0.0995
vn -0.0292 -0.9907 0.1332
vn -0.0267 -0.9995 0.0148
vn -0.0174 -0.9973 -0.0713
vn -0.0055 -0.9911 -0.1328
vn -0.0002 -0.9989 -0.0470
vn 0.0024 -0.9997 0.0223
vn -0.0248 -0.9716 -0.2354
vn -0.0071 -0.9994 -0.0341
vn -0.0085 -0.9877 0.1561
vn -0.0193 -0.9901 0.1387
vn -0.0258 -0.9996 0.0126
vn -0.0255 -0.9949 -0.0980
vn -0.0068 -0.9831 -0.1831
vn 0.0051 -0.9994 -0.0355
vn -0.0006 -0.9998 0.0181
vn -0.0072 -0.9670 -0.2546
vn -0.0031 -0.9982 -0.0604
vn 0.0008 -0.9845 0.1755
vn -0.0051 -0.9867 0.1626
vn -0.0213 -0.9989 0.0415
vn -0.0366 -0.9953 -0.0897
vn -0.0290 -0.9678 -0.2499
vn -0.0074 -0.9991 -0.0406
vn -0.0036 -0.9996 0.0285
vn -0.0013 -0.9653 -0.2611
vn 0.0005 -0.9977 -0.0672
vn 0.0109 -0.9883 0.1519
vn 0.0033 -0.9755 0.2200
vn -0.0159 -0.9969 0.0767
vn -0.0228 -0.9978 -0.0626
vn -0.0293 -0.9626 -0.2693
vn -0.0195 -0.9944 -0.1038
vn -0.0046 -0.9988 0.0492
vn 0.0014 -0.9588 -0.2842
vn 0.0023 -0.9982 -0.0598
vn 0.0080 -0.9942 0.1074
vn 0.0164 -0.9654 0.2601
vn 0.0296 -0.9959 0.0859
vn 0.0201 -0.9997 -0.0138
vn -0.0029 -0.9712 -0.2382
vn -0.0087 -0.9850 -0.1723
vn -0.0003 -1.0000 0.0008
vn -0.0027 -0.9978 0.0663
vn 0.0016 -0.9517 -0.3069
vn 0.0015 -0.9987 -0.0501
vn 0.0082 -0.9976 0.0686
vn 0.0428 -0.9770 0.2088
vn 0.0905 -0.9944 0.0541
vn 0.1010 -0.9941 0.0404
vn 0.0505 -0.9888 -0.1408
vn 0.0042 -0.9822 -0.1878
vn -0.0010 -1.0000 0.0040
vn -0.0220 -0.9921 0.1236
vn -0.0045 -0.9529 -0.3031
vn -0.0030 -0.9985 -0.0539
vn 0.0098 -0.9996 0.0251
vn 0.0356 -0.9931 0.1117
vn 0.0514 -0.9985 0.0167
vn 0.0604 -0.9977 0.0314
vn 0.0569 -0.9979 -0.0301
vn 0.0217 -0.9904 -0.1368
vn -0.0063 -0.9997 0.0215
vn -0.0305 -0.9735 0.2265
vn -0.0048 -0.9654 -0.2608
vn -0.0067 -0.9969 -0.0781
vn -0.0002 -1.0000 -0.0005
vn 0.0091 -0.9998 -0.0199
vn 0.0296 -0.9981 0.0543
vn 0.0398 -0.9991 0.0145
vn 0.0389 -0.9991 0.0157
vn 0.0392 -0.9992 -0.0116
vn 0.0174 -0.9991 -0.0390
vn -0.0002 -0.9996 0.0278
vn 0.0231 -0.9751 0.2205
vn -0.0255 -0.9892 -0.1442
vn -0.0382 -0.9890 -0.1429
vn -0.0115 -0.9997 -0.0195
vn -0.0014 -0.9990 -0.0437
vn 0.0146 -0.9999 -0.0003
vn 0.0334 -0.9994 0.0097
vn 0.0347 -0.9992 0.0181
vn -0.0098 -0.9985 0.0547
vn -0.0661 -0.9964 0.0530
vn -0.0871 -0.9961 0.0128
vn -0.0502 -0.9932 0.1046
vn 0.0028 0.9694 -0.2454
vn -0.0009 0.9998 -0.0210
vn -0.0045 0.9999 0.0102
vn 0.0254 0.9567 0.2901
vn 0.0950 0.9734 0.2084
vn 0.1284 0.9846 -0.1188
vn 0.0858 0.9408 -0.3278
vn 0.0163 0.9996 -0.0211
vn -0.0049 0.9994 -0.0331
vn -0.0004 0.9999 -0.0147
vn -0.0027 1.0000 0.0067
vn 0.0229 0.9699 -0.2423
vn 0.0152 0.9988 -0.0457
vn -0.0058 0.9997 -0.0244
vn -0.0208 0.9366 0.3498
vn -0.0033 0.9452 0.3265
vn 0.0165 0.9959 -0.0887
vn 0.0192 0.9183 -0.3954
vn 0.0060 0.9903 -0.1390
vn -0.0131 0.9998 -0.0135
vn -0.0043 1.0000 -0.0035
vn -0.0001 1.0000 0.0002
vn 0.0619 0.9779 -0.1998
vn 0.0888 0.9960 0.0105
vn 0.1499 0.9882 0.0319
vn 0.1064 0.9646 0.2414
vn 0.0158 0.9755 0.2192
vn -0.0233 0.9929 -0.1166
vn 0.0007 0.9238 -0.3828
vn 0.0057 0.9816 -0.1906
vn 0.0581 0.9971 0.0492
vn 0.0333 0.9968 -0.0726
vn 0.0439 0.9950 -0.0896
vn 0.0767 0.9880 0.1339
vn 0.0310 0.9957 -0.0867
vn -0.1036 0.9918 0.0746
vn -0.1161 0.9913 0.0619
vn -0.0358 0.9772 -0.2092
vn -0.0219 0.9539 -0.2992
vn 0.0156 0.9922 -0.1234
vn 0.0327 0.9973 0.0653
vn 0.1076 0.9902 0.0893
vn 0.0793 0.9804 -0.1806
vn 0.0412 0.9972 0.0627
vn 0.0106 0.9971 0.0757
vn -0.0524 0.9743 -0.2190
vn -0.0959 0.9953 0.0113
vn -0.0845 0.9857 0.1455
vn -0.0343 0.9937 -0.1071
vn 0.0293 0.9913 -0.1283
vn 0.0970 0.9942 -0.0470
vn 0.1222 0.9898 -0.0732
vn 0.1091 0.9829 0.1484
vn 0.0917 0.9842 -0.1516
vn -0.0143 0.9940 0.1089
vn -0.0226 0.9996 -0.0171
vn -0.0372 0.9628 -0.2678
vn 0.0377 0.9894 0.1402
vn 0.0672 0.9440 0.3232
vn 0.0708 0.9756 0.2080
vn 0.1005 0.9876 0.1205
vn 0.1176 0.9883 0.0973
vn 0.0788 0.9968 -0.0111
vn 0.0473 0.9974 0.0536
vn 0.0571 0.9982 0.0163
vn -0.0629 0.9959 -0.0656
vn -0.0575 0.9957 0.0729
vn -0.0269 0.9723 -0.2321
vn 0.0419 0.9964 0.0731
vn 0.1287 0.9008 0.4146
vn 0.1318 0.9032 0.4085
vn 0.1078 0.9557 0.2738
vn 0.0430 0.9929 0.1113
vn 0.0212 0.9997 -0.0083
vn -0.0199 0.9982 0.0561
vn -0.0282 0.9978 0.0595
vn -0.0257 0.9552 -0.2947
vn -0.0899 0.9952 0.0397
vn -0.0773 0.9960 -0.0457
vn 0.0757 0.9875 0.1386
vn 0.0425 0.9751 0.2176
vn -0.0205 0.9895 0.1432
vn -0.0327 0.9934 0.1104
vn -0.0453 0.9916 0.1215
vn -0.0412 0.9991 0.0073
vn -0.0617 0.9967 0.0535
vn -0.1164 0.9932 -0.0011
vn -0.0162 0.9541 -0.2989
vn -0.0000 0.9940 -0.1090
vn -0.0304 0.9970 0.0712
vn -0.0713 0.9961 0.0515
vn -0.0883 0.9953 0.0390
vn -0.1170 0.9931 -0.0097
vn -0.1458 0.9887 -0.0342
vn -0.1622 0.9867 0.0057
vn -0.1738 0.9805 0.0922
vn -0.1624 0.9732 0.1628
vn -0.1112 0.9869 -0.1169
vn -0.0418 0.9852 -0.1663
vn 0.0017 0.9977 -0.0674
vn 0.0113 0.9998 -0.0137
vn 0.0018 1.0000 0.0069
vn -0.0084 0.9999 0.0078
vn -0.0053 0.9987 -0.0501
vn -0.0074 0.9996 -0.0263
vn -0.0188 0.9996 0.0212
vn -0.0238 0.9981 0.0570
vn -0.0491 0.9891 0.1387
vn -0.0086 0.9983 -0.0569
vn 0.0046 0.9970 -0.0774
vn 0.0440 0.9984 0.0347
vn 0.0933 0.9956 0.0029
vn 0.1127 0.9936 -0.0038
vn 0.0971 0.9946 -0.0366
vn 0.0842 0.9963 -0.0191
vn 0.0797 0.9947 -0.0652
vn 0.0692 0.9975 0.0140
vn 0.0785 0.9948 0.0654
vn 0.1117 0.9837 0.1411
vn 0.1622 0.9732 0.1630
vn 0.0030 0.9841 -0.1776
vn -0.0082 0.9991 -0.0424
vn -0.0023 0.9997 0.0253
vn 0.0228 0.9881 0.1522
vn 0.0828 0.9945 0.0647
vn 0.1034 0.9909 -0.0858
vn 0.0428 0.9907 -0.1290
vn 0.0087 0.9999 0.0123
vn 0.0128 0.9995 -0.0273
vn 0.0003 1.0000 -0.0006
vn -0.0287 0.9974 0.0668
vn 0.0862 -0.9262 -0.3671
vn 0.0339 -0.9848 -0.1702
vn 0.0008 -1.0000 0.0020
vn 0.0218 -0.9982 0.0565
vn 0.0596 -0.9972 0.0457
vn 0.0778 -0.9970 0.0048
vn 0.0825 -0.9966 0.0012
vn 0.0871 -0.9962 0.0022
vn 0.0931 -0.9956 0.0073
vn 0.0984 -0.9951 0.0018
vn 0.0794 -0.9968 0.0087
vn 0.8160 0.3380 -0.4689
vn 0.6856 0.7122 0.1509
vn 0.5424 0.8385 0.0513
vn 0.5474 0.8364 0.0268
vn 0.6198 0.7774 -0.1074
vn 0.6725 0.7393 -0.0334
vn 0.7026 0.7096 -0.0541
vn 0.7337 0.6795 -0.0032
vn 0.6946 0.7123 0.1009
vn 0.5706 0.7473 0.3405
vn 0.5159 0.7524 0.4095
vn -0.6926 0.3344 0.6391
vn -0.9076 0.3107 0.2822
vn -0.9985 0.0456 0.0294
vn -1.0000 0.0059 -0.0034
vn -0.9906 0.1321 0.0362
vn -0.5861 0.8080 0.0605
vn -0.0817 0.9945 -0.0652
vn -0.2062 0.9758 -0.0729
vn -0.8077 0.5851 -0.0729
vn -0.9922 0.1114 0.0554
vn -0.9753 0.1879 -0.1160
vt 0.821308 0.824762
vt 0.820520 0.883011
vt 0.869280 0.872733
vt 0.880697 0.824175
vt 0.822783 0.824582
vt 0.821032 0.873494
vt 0.871007 0.874184
vt 0.871827 0.823350
vt 0.196616 0.809796
vt 0.195943 0.850947
vt 0.163948 0.842393
vt 0.159630 0.807271
vt 0.182590 0.822886
vt 0.181320 0.873847
vt 0.139872 0.865849
vt 0.137369 0.821309
vt 0.822746 0.182748
vt 0.871771 0.181736
vt 0.866413 0.138931
vt 0.821492 0.138982
vt 0.179714 0.177499
vt 0.127386 0.178463
vt 0.139872 0.137982
vt 0.181320 0.127806
vt 0.845721 0.195943
vt 0.812077 0.187291
vt 0.806300 0.148813
vt 0.834988 0.163948
vt 0.757889 0.179516
vt 0.754887 0.137820
vt 0.697139 0.193257
vt 0.694781 0.122620
vt 0.642437 0.221539
vt 0.630445 0.112291
vt 0.590677 0.221612
vt 0.566208 0.112456
vt 0.530222 0.210690
vt 0.500367 0.144765
vt 0.437118 0.177449
vt 0.437540 0.129193
vt 0.372503 0.176711
vt 0.372503 0.112243
vt 0.308034 0.176711
vt 0.308034 0.112243
vt 0.243567 0.176748
vt 0.243574 0.116911
vt 0.132867 0.179689
vt 0.178613 0.187286
vt 0.175856 0.135972
vt 0.131409 0.131038
vt 0.243655 0.196618
vt 0.242970 0.145369
vt 0.310555 0.190590
vt 0.312679 0.143283
vt 0.372561 0.183616
vt 0.373233 0.137657
vt 0.436971 0.182605
vt 0.436971 0.138491
vt 0.501440 0.180453
vt 0.501440 0.138110
vt 0.565908 0.178724
vt 0.565908 0.136464
vt 0.630376 0.178406
vt 0.630376 0.134332
vt 0.694845 0.179569
vt 0.694845 0.134464
vt 0.759313 0.181821
vt 0.759310 0.138051
vt 0.839873 0.807271
vt 0.834988 0.842393
vt 0.806300 0.855692
vt 0.805928 0.813203
vt 0.754887 0.864724
vt 0.756087 0.820588
vt 0.694781 0.876683
vt 0.695879 0.824325
vt 0.630445 0.889218
vt 0.630376 0.824851
vt 0.566208 0.888874
vt 0.565904 0.824848
vt 0.500367 0.848629
vt 0.499119 0.813791
vt 0.437540 0.871772
vt 0.437812 0.823650
vt 0.372503 0.889319
vt 0.372503 0.824851
vt 0.308034 0.889319
vt 0.308034 0.824851
vt 0.243574 0.884652
vt 0.243593 0.824654
vt 0.119561 0.824175
vt 0.128174 0.872733
vt 0.179941 0.868983
vt 0.179217 0.822315
vt 0.243567 0.867569
vt 0.243566 0.820805
vt 0.308015 0.864389
vt 0.308034 0.817836
vt 0.372408 0.853528
vt 0.372736 0.815171
vt 0.438070 0.849713
vt 0.438769 0.828699
vt 0.438769 0.877084
vt 0.438070 0.844949
vt 0.501342 0.844043
vt 0.504031 0.876614
vt 0.565727 0.847441
vt 0.567025 0.873656
vt 0.567025 0.818902
vt 0.565727 0.849450
vt 0.630269 0.852710
vt 0.630337 0.812991
vt 0.694740 0.854651
vt 0.694729 0.814878
vt 0.758891 0.859962
vt 0.758986 0.818131
vt 0.758877 0.124210
vt 0.758236 0.182538
vt 0.815781 0.189509
vt 0.813415 0.145424
vt 0.759246 0.244762
vt 0.823137 0.245335
vt 0.759306 0.309113
vt 0.823782 0.309103
vt 0.759296 0.373593
vt 0.823782 0.373572
vt 0.759313 0.438040
vt 0.823782 0.438040
vt 0.759313 0.502509
vt 0.823782 0.502509
vt 0.759313 0.566977
vt 0.823782 0.566977
vt 0.759313 0.631446
vt 0.823782 0.631446
vt 0.759313 0.695914
vt 0.823782 0.695914
vt 0.759313 0.760370
vt 0.823782 0.760382
vt 0.694823 0.119481
vt 0.694827 0.180241
vt 0.694655 0.244875
vt 0.694178 0.309948
vt 0.694430 0.374100
vt 0.694829 0.438061
vt 0.694845 0.502509
vt 0.694845 0.566977
vt 0.694845 0.631446
vt 0.694845 0.695914
vt 0.694832 0.759702
vt 0.630371 0.134534
vt 0.630374 0.182026
vt 0.629771 0.245401
vt 0.629791 0.309853
vt 0.630248 0.373741
vt 0.630737 0.437584
vt 0.630595 0.502229
vt 0.630376 0.566977
vt 0.630376 0.631446
vt 0.630376 0.695914
vt 0.630376 0.760379
vt 0.565906 0.140359
vt 0.565907 0.183547
vt 0.565508 0.245142
vt 0.565679 0.309400
vt 0.566180 0.373230
vt 0.566666 0.437077
vt 0.566442 0.501824
vt 0.566164 0.566809
vt 0.566946 0.631307
vt 0.566632 0.696197
vt 0.565909 0.759468
vt 0.501439 0.141565
vt 0.501439 0.182987
vt 0.501402 0.244683
vt 0.501556 0.308958
vt 0.502051 0.372794
vt 0.502278 0.436964
vt 0.501824 0.501974
vt 0.502491 0.565525
vt 0.503494 0.630870
vt 0.503121 0.697293
vt 0.501887 0.760938
vt 0.504031 0.830793
vt 0.436971 0.142275
vt 0.436971 0.183575
vt 0.436971 0.244635
vt 0.436974 0.309100
vt 0.437066 0.373450
vt 0.437050 0.437939
vt 0.436963 0.502153
vt 0.436817 0.564856
vt 0.436686 0.630650
vt 0.436736 0.697835
vt 0.436896 0.761814
vt 0.372503 0.142829
vt 0.372503 0.185495
vt 0.372503 0.244635
vt 0.372503 0.309103
vt 0.372503 0.373572
vt 0.372503 0.438040
vt 0.372488 0.502478
vt 0.371458 0.565776
vt 0.370380 0.630950
vt 0.370781 0.697090
vt 0.372101 0.761024
vt 0.308034 0.142958
vt 0.308034 0.186137
vt 0.308034 0.244637
vt 0.308034 0.309103
vt 0.308034 0.373572
vt 0.308034 0.438040
vt 0.308034 0.502509
vt 0.307957 0.566931
vt 0.307390 0.631367
vt 0.307636 0.696056
vt 0.308034 0.760317
vt 0.243568 0.143125
vt 0.243566 0.185096
vt 0.243566 0.244635
vt 0.243566 0.309103
vt 0.243566 0.373572
vt 0.243566 0.438040
vt 0.243566 0.502509
vt 0.243566 0.566977
vt 0.243566 0.631446
vt 0.243566 0.695914
vt 0.243566 0.760379
vt 0.180940 0.142329
vt 0.179137 0.183395
vt 0.179097 0.244635
vt 0.172891 0.309980
vt 0.168666 0.374956
vt 0.175968 0.438385
vt 0.179097 0.502509
vt 0.179097 0.566977
vt 0.179097 0.631446
vt 0.179097 0.695914
vt 0.179097 0.760382
vt 0.134006 0.141026
vt 0.117416 0.180807
vt 0.114628 0.244635
vt 0.114331 0.309145
vt 0.115709 0.373420
vt 0.116200 0.437849
vt 0.115160 0.502464
vt 0.114755 0.566971
vt 0.114643 0.631445
vt 0.114629 0.695914
vt 0.114629 0.760382
vt 0.242970 0.156824
vt 0.242632 0.206103
vt 0.175734 0.195425
vt 0.175856 0.149586
vt 0.242683 0.249434
vt 0.177818 0.245822
vt 0.243360 0.310221
vt 0.179298 0.309207
vt 0.179466 0.373572
vt 0.179359 0.438040
vt 0.179296 0.502509
vt 0.179115 0.566977
vt 0.179097 0.631446
vt 0.179207 0.695914
vt 0.243574 0.760382
vt 0.181000 0.760352
vt 0.312679 0.148491
vt 0.311567 0.194483
vt 0.309360 0.247041
vt 0.308292 0.309926
vt 0.308034 0.373572
vt 0.308034 0.438040
vt 0.308034 0.502509
vt 0.308034 0.566977
vt 0.308034 0.631446
vt 0.308034 0.695914
vt 0.308034 0.760382
vt 0.373233 0.140553
vt 0.373506 0.182318
vt 0.373159 0.245043
vt 0.372503 0.502509
vt 0.372503 0.566977
vt 0.372503 0.631446
vt 0.372503 0.695914
vt 0.372503 0.760382
vt 0.436971 0.141946
vt 0.436971 0.184339
vt 0.436971 0.244635
vt 0.436971 0.309103
vt 0.436971 0.373572
vt 0.436971 0.438040
vt 0.436971 0.502509
vt 0.436971 0.566977
vt 0.436971 0.631446
vt 0.437439 0.695973
vt 0.437822 0.760116
vt 0.501440 0.141565
vt 0.501440 0.185254
vt 0.501440 0.244635
vt 0.501440 0.309103
vt 0.501440 0.373572
vt 0.501440 0.438040
vt 0.501440 0.502509
vt 0.501440 0.566977
vt 0.501436 0.631461
vt 0.500066 0.696410
vt 0.498989 0.757332
vt 0.565908 0.139919
vt 0.565908 0.185728
vt 0.565908 0.244654
vt 0.565908 0.309103
vt 0.565908 0.373572
vt 0.565908 0.438040
vt 0.565908 0.502509
vt 0.565909 0.566977
vt 0.565985 0.631380
vt 0.565903 0.695914
vt 0.565904 0.760382
vt 0.630376 0.137788
vt 0.630376 0.183224
vt 0.630376 0.244635
vt 0.630376 0.309103
vt 0.630376 0.373572
vt 0.630376 0.438040
vt 0.630376 0.502509
vt 0.630376 0.566977
vt 0.630376 0.631446
vt 0.630682 0.695827
vt 0.630376 0.760382
vt 0.694845 0.137919
vt 0.694845 0.183081
vt 0.694845 0.244635
vt 0.694845 0.309103
vt 0.694845 0.373572
vt 0.694845 0.438040
vt 0.694919 0.566993
vt 0.694980 0.631507
vt 0.694072 0.696186
vt 0.695011 0.760352
vt 0.759310 0.141506
vt 0.759313 0.184224
vt 0.759313 0.244635
vt 0.759878 0.309161
vt 0.762130 0.373754
vt 0.762752 0.438094
vt 0.762276 0.502473
vt 0.761690 0.567121
vt 0.761675 0.632003
vt 0.759670 0.696326
vt 0.757223 0.759550
vt 0.821492 0.142559
vt 0.823359 0.184547
vt 0.823796 0.244655
vt 0.824498 0.309151
vt 0.825187 0.373679
vt 0.824023 0.438121
vt 0.822229 0.502529
vt 0.823941 0.567014
vt 0.822493 0.631259
vt 0.814736 0.694889
vt 0.808134 0.756454
vt 0.866413 0.143479
vt 0.876940 0.183768
vt 0.886061 0.244691
vt 0.878015 0.308808
vt 0.865189 0.373283
vt 0.862431 0.437939
vt 0.865330 0.502508
vt 0.867879 0.566328
vt 0.862991 0.629330
vt 0.853763 0.693324
vt 0.845560 0.754236
vt 0.119209 0.181928
vt 0.131409 0.141883
vt 0.115736 0.244645
vt 0.125770 0.309103
vt 0.129959 0.373572
vt 0.128149 0.438040
vt 0.126902 0.502509
vt 0.121172 0.566977
vt 0.114637 0.631446
vt 0.120390 0.695914
vt 0.133006 0.760314
vt 0.181736 0.134063
vt 0.178005 0.181934
vt 0.124594 0.183768
vt 0.138931 0.143479
vt 0.176746 0.244667
vt 0.114484 0.244691
vt 0.176710 0.309160
vt 0.122211 0.308808
vt 0.178234 0.373646
vt 0.135156 0.373283
vt 0.178447 0.437998
vt 0.138996 0.437939
vt 0.176082 0.502454
vt 0.137052 0.502508
vt 0.175062 0.566928
vt 0.134551 0.566328
vt 0.177248 0.631250
vt 0.138253 0.629330
vt 0.184177 0.695107
vt 0.146700 0.693324
vt 0.192089 0.755840
vt 0.154553 0.754236
vt 0.863336 0.190347
vt 0.851341 0.154785
vt 0.887557 0.244655
vt 0.888250 0.309103
vt 0.888250 0.373572
vt 0.888250 0.438040
vt 0.888250 0.502509
vt 0.888250 0.566977
vt 0.888250 0.631446
vt 0.888250 0.695914
vt 0.888250 0.760382
vt 0.815745 0.136698
vt 0.820509 0.182606
vt 0.882880 0.180807
vt 0.862574 0.141026
vt 0.821395 0.244637
vt 0.885865 0.244635
vt 0.827243 0.309898
vt 0.886174 0.309145
vt 0.831418 0.374855
vt 0.884740 0.373420
vt 0.823475 0.438261
vt 0.884226 0.437849
vt 0.821396 0.502509
vt 0.885331 0.502464
vt 0.821396 0.566977
vt 0.885739 0.566971
vt 0.821396 0.631446
vt 0.885850 0.631445
vt 0.821396 0.695914
vt 0.885864 0.695914
vt 0.821396 0.760382
vt 0.885864 0.760382
vt 0.130620 0.760314
vt 0.135016 0.821309
vt 0.179516 0.823611
vt 0.178197 0.760368
vt 0.241190 0.824819
vt 0.241182 0.760382
vt 0.305648 0.824851
vt 0.305648 0.760382
vt 0.370115 0.824883
vt 0.370117 0.760382
vt 0.435085 0.857576
vt 0.434666 0.761239
vt 0.497923 0.879219
vt 0.500797 0.792910
vt 0.561458 0.873795
vt 0.564694 0.806862
vt 0.626646 0.858454
vt 0.627783 0.766179
vt 0.692317 0.825992
vt 0.692459 0.760382
vt 0.756927 0.824851
vt 0.756927 0.760382
vt 0.118003 0.695914
vt 0.176776 0.695914
vt 0.241180 0.695914
vt 0.305648 0.695914
vt 0.370117 0.695914
vt 0.434585 0.695914
vt 0.499054 0.695924
vt 0.563522 0.695910
vt 0.627990 0.695909
vt 0.692459 0.695913
vt 0.756927 0.695914
vt 0.112251 0.631446
vt 0.176711 0.631446
vt 0.241180 0.631446
vt 0.305648 0.631446
vt 0.370117 0.631446
vt 0.433848 0.632290
vt 0.499088 0.633166
vt 0.564240 0.632231
vt 0.627990 0.631445
vt 0.692459 0.631445
vt 0.756927 0.631446
vt 0.118786 0.566977
vt 0.176723 0.566977
vt 0.241180 0.566977
vt 0.305648 0.566977
vt 0.369990 0.566985
vt 0.432801 0.567196
vt 0.499126 0.567361
vt 0.565296 0.567185
vt 0.628069 0.566982
vt 0.692459 0.566977
vt 0.756927 0.566977
vt 0.124516 0.502509
vt 0.177002 0.502509
vt 0.241180 0.502509
vt 0.305657 0.502500
vt 0.370118 0.502507
vt 0.433520 0.501550
vt 0.499100 0.500706
vt 0.564570 0.501607
vt 0.627990 0.502509
vt 0.692459 0.502509
vt 0.756927 0.502509
vt 0.125763 0.438040
vt 0.177430 0.438040
vt 0.241180 0.438040
vt 0.305765 0.437925
vt 0.370447 0.437744
vt 0.434731 0.437750
vt 0.499047 0.437754
vt 0.563528 0.438027
vt 0.627990 0.438040
vt 0.692459 0.438040
vt 0.756927 0.438040
vt 0.127572 0.373572
vt 0.179597 0.373572
vt 0.241307 0.373572
vt 0.305699 0.373499
vt 0.370308 0.373169
vt 0.434469 0.372985
vt 0.498846 0.373169
vt 0.563521 0.373531
vt 0.627989 0.373560
vt 0.692459 0.373572
vt 0.756927 0.373572
vt 0.123384 0.309103
vt 0.176893 0.309103
vt 0.241194 0.309103
vt 0.305643 0.309118
vt 0.370081 0.308946
vt 0.434350 0.308627
vt 0.498809 0.308739
vt 0.563560 0.309001
vt 0.627996 0.309054
vt 0.692459 0.309103
vt 0.756927 0.309103
vt 0.113348 0.244645
vt 0.176711 0.244635
vt 0.241180 0.244635
vt 0.305648 0.244635
vt 0.370141 0.244705
vt 0.434310 0.213312
vt 0.496895 0.144202
vt 0.562783 0.175977
vt 0.628020 0.244600
vt 0.692459 0.244635
vt 0.756927 0.244635
vt 0.117250 0.181928
vt 0.176847 0.181700
vt 0.241180 0.181565
vt 0.305648 0.181814
vt 0.370043 0.174251
vt 0.429135 0.117348
vt 0.491154 0.113087
vt 0.555974 0.114027
vt 0.627379 0.150227
vt 0.692459 0.180166
vt 0.756898 0.180368
vt 0.131038 0.141883
vt 0.179689 0.138799
vt 0.241180 0.134123
vt 0.305648 0.133595
vt 0.369848 0.123480
vt 0.431961 0.111594
vt 0.495687 0.109901
vt 0.559711 0.108642
vt 0.626850 0.111303
vt 0.692456 0.116608
vt 0.756683 0.120435
vt 0.869443 0.823350
vt 0.820916 0.824825
vt 0.756836 0.823720
vt 0.692429 0.822611
vt 0.692459 0.760382
vt 0.627980 0.820765
vt 0.627990 0.760382
vt 0.563520 0.822754
vt 0.563522 0.760382
vt 0.499053 0.823852
vt 0.499053 0.760382
vt 0.434516 0.825017
vt 0.434585 0.760382
vt 0.370051 0.825137
vt 0.370117 0.760383
vt 0.306176 0.823054
vt 0.305826 0.760285
vt 0.247016 0.816092
vt 0.244666 0.758623
vt 0.756927 0.695914
vt 0.692459 0.695914
vt 0.627990 0.695914
vt 0.563522 0.695914
vt 0.499053 0.695914
vt 0.434585 0.695914
vt 0.370117 0.695914
vt 0.305532 0.695945
vt 0.239364 0.696375
vt 0.885864 0.631446
vt 0.692459 0.631446
vt 0.627995 0.631455
vt 0.563556 0.631615
vt 0.499022 0.631604
vt 0.434579 0.631456
vt 0.370117 0.631446
vt 0.305434 0.631483
vt 0.238189 0.632001
vt 0.885864 0.566977
vt 0.692459 0.566977
vt 0.628144 0.567103
vt 0.563871 0.567768
vt 0.498734 0.567647
vt 0.434496 0.567044
vt 0.370116 0.566977
vt 0.305488 0.566994
vt 0.238951 0.567183
vt 0.885864 0.502509
vt 0.692459 0.502509
vt 0.628233 0.502416
vt 0.563983 0.501977
vt 0.498623 0.502049
vt 0.434477 0.502462
vt 0.370116 0.502509
vt 0.305622 0.502509
vt 0.239088 0.502503
vt 0.885864 0.438040
vt 0.821396 0.438040
vt 0.628035 0.437974
vt 0.563621 0.437600
vt 0.498966 0.437717
vt 0.434576 0.438027
vt 0.370116 0.438040
vt 0.305509 0.438044
vt 0.238105 0.438151
vt 0.885864 0.373572
vt 0.821396 0.373572
vt 0.627990 0.373572
vt 0.563523 0.373566
vt 0.499053 0.373569
vt 0.434585 0.373572
vt 0.370117 0.373572
vt 0.305580 0.373576
vt 0.238411 0.373785
vt 0.885864 0.309103
vt 0.821396 0.309103
vt 0.627990 0.309103
vt 0.563522 0.309103
vt 0.499053 0.309103
vt 0.434585 0.309105
vt 0.370117 0.309108
vt 0.305652 0.309107
vt 0.240627 0.309153
vt 0.885168 0.244655
vt 0.821391 0.244642
vt 0.756927 0.244635
vt 0.692459 0.244635
vt 0.627990 0.244635
vt 0.563522 0.244635
vt 0.499053 0.244653
vt 0.434585 0.244702
vt 0.370117 0.244738
vt 0.305651 0.244745
vt 0.241190 0.244711
vt 0.860113 0.190347
vt 0.817955 0.184109
vt 0.756927 0.180166
vt 0.692459 0.180166
vt 0.627990 0.180358
vt 0.563522 0.180831
vt 0.499054 0.180993
vt 0.434586 0.181243
vt 0.370124 0.181480
vt 0.305693 0.181952
vt 0.241453 0.182460
vt 0.847046 0.154785
vt 0.814262 0.137800
vt 0.756927 0.115698
vt 0.692459 0.116108
vt 0.627990 0.126285
vt 0.563522 0.132701
vt 0.499056 0.133450
vt 0.434597 0.133889
vt 0.370173 0.134377
vt 0.305908 0.135494
vt 0.242347 0.135934
vt 0.758877 0.877351
vt 0.813415 0.856116
vt 0.820008 0.816092
vt 0.759307 0.821296
vt 0.823782 0.756927
vt 0.759313 0.756927
vt 0.823779 0.692459
vt 0.759313 0.692459
vt 0.822920 0.627990
vt 0.759262 0.628012
vt 0.821492 0.563522
vt 0.757925 0.564045
vt 0.821536 0.499061
vt 0.757304 0.499815
vt 0.821703 0.434589
vt 0.757908 0.435170
vt 0.821849 0.370135
vt 0.759307 0.370119
vt 0.821858 0.305751
vt 0.759313 0.305648
vt 0.822327 0.241895
vt 0.759313 0.241180
vt 0.694823 0.882081
vt 0.694845 0.821395
vt 0.694845 0.756927
vt 0.694845 0.692459
vt 0.693549 0.628147
vt 0.690640 0.563981
vt 0.690392 0.499688
vt 0.692046 0.435339
vt 0.694192 0.370392
vt 0.694845 0.305648
vt 0.694845 0.241180
vt 0.630371 0.867028
vt 0.630376 0.819679
vt 0.630376 0.756927
vt 0.630380 0.692456
vt 0.626523 0.627613
vt 0.622645 0.562718
vt 0.622604 0.498380
vt 0.625674 0.434604
vt 0.629557 0.370341
vt 0.630376 0.305648
vt 0.630376 0.241180
vt 0.565906 0.861203
vt 0.565908 0.816280
vt 0.565908 0.756927
vt 0.565904 0.692456
vt 0.559568 0.626211
vt 0.553890 0.560333
vt 0.552958 0.495915
vt 0.557221 0.432523
vt 0.565134 0.369945
vt 0.565908 0.305648
vt 0.565908 0.241180
vt 0.501439 0.859997
vt 0.501439 0.814865
vt 0.501440 0.756927
vt 0.501444 0.692458
vt 0.494148 0.625513
vt 0.485115 0.559510
vt 0.481093 0.495458
vt 0.484672 0.431885
vt 0.498572 0.369571
vt 0.501440 0.305648
vt 0.501440 0.241180
vt 0.436971 0.859287
vt 0.436971 0.815104
vt 0.436971 0.756927
vt 0.436971 0.692459
vt 0.430780 0.626717
vt 0.415985 0.561530
vt 0.410269 0.497904
vt 0.413091 0.434147
vt 0.428203 0.370776
vt 0.436971 0.305648
vt 0.436971 0.241180
vt 0.372503 0.858733
vt 0.372503 0.816152
vt 0.372503 0.756927
vt 0.372503 0.692459
vt 0.367197 0.628633
vt 0.352589 0.565829
vt 0.348034 0.502514
vt 0.346919 0.439094
vt 0.359936 0.372569
vt 0.372503 0.305648
vt 0.372503 0.241350
vt 0.308034 0.858604
vt 0.308034 0.816845
vt 0.308034 0.756927
vt 0.308034 0.692459
vt 0.305691 0.629099
vt 0.296918 0.567650
vt 0.293746 0.504986
vt 0.291751 0.440859
vt 0.297437 0.373130
vt 0.308034 0.305648
vt 0.308137 0.241700
vt 0.243568 0.858437
vt 0.243566 0.815460
vt 0.243566 0.756927
vt 0.243566 0.692459
vt 0.247074 0.627954
vt 0.243150 0.566405
vt 0.240296 0.502885
vt 0.238714 0.438886
vt 0.240655 0.372659
vt 0.243566 0.305648
vt 0.243651 0.243893
vt 0.180940 0.859429
vt 0.181162 0.814091
vt 0.179126 0.756844
vt 0.179097 0.692459
vt 0.185155 0.625991
vt 0.188288 0.563287
vt 0.181493 0.501426
vt 0.172573 0.437108
vt 0.180549 0.370039
vt 0.180085 0.305648
vt 0.180202 0.242290
vt 0.134006 0.862574
vt 0.133149 0.815745
vt 0.119251 0.756683
vt 0.115538 0.692456
vt 0.123414 0.626850
vt 0.136527 0.559711
vt 0.141274 0.495687
vt 0.137940 0.431961
vt 0.132248 0.369848
vt 0.132526 0.305648
vt 0.133054 0.241180
vt 0.243567 0.864114
vt 0.179941 0.865525
vt 0.179257 0.819157
vt 0.243566 0.819461
vt 0.179097 0.756927
vt 0.243566 0.756927
vt 0.178209 0.692235
vt 0.242064 0.692177
vt 0.176855 0.629216
vt 0.240448 0.630176
vt 0.174598 0.564743
vt 0.237894 0.564064
vt 0.175870 0.498820
vt 0.238185 0.494470
vt 0.179668 0.436936
vt 0.241851 0.433371
vt 0.180391 0.371534
vt 0.244036 0.371544
vt 0.179337 0.305718
vt 0.243791 0.305736
vt 0.179103 0.241180
vt 0.243566 0.241180
vt 0.308015 0.861065
vt 0.307516 0.816889
vt 0.308069 0.756863
vt 0.306892 0.691948
vt 0.306190 0.631838
vt 0.310178 0.571504
vt 0.309395 0.501981
vt 0.307175 0.436177
vt 0.307803 0.371616
vt 0.307945 0.305623
vt 0.308034 0.241180
vt 0.372408 0.850945
vt 0.372160 0.806587
vt 0.372262 0.739439
vt 0.376412 0.669418
vt 0.381878 0.604336
vt 0.372454 0.542837
vt 0.373139 0.476062
vt 0.380853 0.436487
vt 0.397114 0.402671
vt 0.399966 0.337013
vt 0.372503 0.241180
vt 0.435505 0.796696
vt 0.433685 0.720148
vt 0.466021 0.625310
vt 0.472730 0.546086
vt 0.454288 0.494131
vt 0.437321 0.466244
vt 0.444645 0.438643
vt 0.463309 0.416745
vt 0.478863 0.379779
vt 0.482272 0.282035
vt 0.493470 0.790215
vt 0.500402 0.711751
vt 0.530538 0.609182
vt 0.507640 0.540859
vt 0.483516 0.494603
vt 0.486787 0.475979
vt 0.489919 0.456727
vt 0.509141 0.442749
vt 0.531472 0.413015
vt 0.531632 0.301556
vt 0.555961 0.798871
vt 0.557367 0.722181
vt 0.573493 0.628100
vt 0.543234 0.555087
vt 0.528616 0.517489
vt 0.517274 0.501076
vt 0.534721 0.486935
vt 0.546234 0.465756
vt 0.571573 0.402224
vt 0.579234 0.295664
vt 0.630269 0.849612
vt 0.628593 0.808743
vt 0.615444 0.742163
vt 0.623454 0.658103
vt 0.589766 0.592472
vt 0.591789 0.555740
vt 0.578897 0.532281
vt 0.572396 0.513836
vt 0.588995 0.450528
vt 0.610807 0.373082
vt 0.628868 0.294656
vt 0.694740 0.851146
vt 0.694814 0.811063
vt 0.694837 0.756879
vt 0.687937 0.689280
vt 0.651071 0.585749
vt 0.660431 0.536230
vt 0.664518 0.505739
vt 0.663717 0.471616
vt 0.646234 0.438319
vt 0.661100 0.364523
vt 0.687097 0.282653
vt 0.758891 0.856384
vt 0.759127 0.811402
vt 0.759304 0.756425
vt 0.759314 0.692459
vt 0.759295 0.627730
vt 0.757355 0.557681
vt 0.758923 0.491196
vt 0.741593 0.428402
vt 0.743156 0.365422
vt 0.751690 0.307146
vt 0.762099 0.251349
vt 0.821032 0.869622
vt 0.821957 0.814804
vt 0.821044 0.755198
vt 0.822128 0.692232
vt 0.822601 0.627975
vt 0.823421 0.563506
vt 0.823277 0.498670
vt 0.821555 0.432290
vt 0.819709 0.366566
vt 0.821538 0.304593
vt 0.818273 0.243814
vt 0.871007 0.868692
vt 0.878147 0.818783
vt 0.869657 0.755990
vt 0.867029 0.692228
vt 0.866955 0.627941
vt 0.872055 0.563513
vt 0.873054 0.499052
vt 0.874267 0.433772
vt 0.874533 0.369492
vt 0.871465 0.306212
vt 0.858384 0.246396
vt 0.128174 0.869280
vt 0.120669 0.820520
vt 0.114749 0.756926
vt 0.117897 0.692378
vt 0.121290 0.628114
vt 0.122055 0.564672
vt 0.119048 0.501837
vt 0.115711 0.436659
vt 0.114817 0.370222
vt 0.114629 0.305648
vt 0.116160 0.241182
vt 0.851341 0.847046
vt 0.867252 0.814262
vt 0.888250 0.756927
vt 0.887840 0.692459
vt 0.877664 0.627990
vt 0.871248 0.563522
vt 0.870499 0.499056
vt 0.870064 0.434597
vt 0.869595 0.370173
vt 0.868564 0.305908
vt 0.868497 0.242347
vt 0.868692 0.874184
vt 0.818783 0.878936
vt 0.755990 0.870364
vt 0.692228 0.867994
vt 0.627941 0.868002
vt 0.563513 0.873120
vt 0.499052 0.874122
vt 0.433772 0.882277
vt 0.369492 0.881626
vt 0.306212 0.873038
vt 0.246396 0.860938
vt 0.137982 0.865849
vt 0.178463 0.876615
vt 0.241182 0.887788
vt 0.305648 0.889319
vt 0.370222 0.888006
vt 0.436659 0.886591
vt 0.501837 0.883531
vt 0.110459 0.497923
vt 0.108691 0.561458
vt 0.110292 0.626646
vt 0.628114 0.876044
vt 0.692378 0.886075
vt 0.756926 0.889198
s 0
usemtl Brick_Texture
f 866/1/1 360/2/1 4/3/1 64/4/1
f 328/5/2 30/6/2 8/7/2 75/8/2
f 745/9/3 382/10/3 6/11/3 86/12/3
f 207/13/4 52/14/4 2/15/4 63/16/4
f 624/17/5 361/18/5 5/19/5 41/20/5
f 503/21/6 350/22/6 2/23/6 52/24/6
f 382/25/7 393/26/7 42/27/7 6/28/7
f 393/26/8 404/29/8 43/30/8 42/27/8
f 404/29/9 415/31/9 44/32/9 43/30/9
f 415/31/10 426/33/10 45/34/10 44/32/10
f 426/33/11 437/35/11 46/36/11 45/34/11
f 437/35/12 448/37/12 47/38/12 46/36/12
f 448/37/13 459/39/13 48/40/13 47/38/13
f 459/39/14 470/41/14 49/42/14 48/40/14
f 470/41/15 481/43/15 50/44/15 49/42/15
f 481/43/16 492/45/16 51/46/16 50/44/16
f 492/45/17 503/21/17 52/24/17 51/46/17
f 349/47/18 514/48/18 31/49/18 1/50/18
f 514/48/19 525/51/19 32/52/19 31/49/19
f 525/51/20 536/53/20 33/54/20 32/52/20
f 536/53/21 547/55/21 34/56/21 33/54/21
f 547/55/22 558/57/22 35/58/22 34/56/22
f 558/57/23 569/59/23 36/60/23 35/58/23
f 569/59/24 580/61/24 37/62/24 36/60/24
f 580/61/25 591/63/25 38/64/25 37/62/25
f 591/63/26 602/65/26 39/66/26 38/64/26
f 602/65/27 613/67/27 40/68/27 39/66/27
f 613/67/28 624/17/28 41/20/28 40/68/28
f 86/69/29 6/70/29 42/71/29 97/72/29
f 97/72/30 42/71/30 43/73/30 108/74/30
f 108/74/31 43/73/31 44/75/31 119/76/31
f 119/76/32 44/75/32 45/77/32 130/78/32
f 130/78/33 45/77/33 46/79/33 141/80/33
f 141/80/34 46/79/34 47/81/34 152/82/34
f 152/82/35 47/81/35 48/83/35 163/84/35
f 163/84/36 48/83/36 49/85/36 174/86/36
f 174/86/37 49/85/37 50/87/37 185/88/37
f 185/88/38 50/87/38 51/89/38 196/90/38
f 196/90/39 51/89/39 52/14/39 207/13/39
f 64/91/40 4/92/40 20/93/40 218/94/40
f 218/94/41 20/93/41 21/95/41 229/96/41
f 229/96/42 21/95/42 22/97/42 240/98/42
f 240/98/43 22/97/43 23/99/43 251/100/43
f 251/100/44 23/99/44 24/101/44 262/102/44
f 262/103/45 24/104/45 25/105/45 273/106/45
f 273/106/46 25/105/46 26/107/46 284/108/46
f 284/109/47 26/110/47 27/111/47 295/112/47
f 295/112/48 27/111/48 28/113/48 306/114/48
f 306/114/49 28/113/49 29/115/49 317/116/49
f 317/116/50 29/115/50 30/6/50 328/5/50
f 10/117/51 327/118/51 338/119/51 9/120/51
f 327/118/52 326/121/52 337/122/52 338/119/52
f 326/121/53 325/123/53 336/124/53 337/122/53
f 325/123/54 324/125/54 335/126/54 336/124/54
f 324/125/55 323/127/55 334/128/55 335/126/55
f 323/127/56 322/129/56 333/130/56 334/128/56
f 322/129/56 321/131/56 332/132/56 333/130/56
f 321/131/56 320/133/56 331/134/56 332/132/56
f 320/133/56 319/135/56 330/136/56 331/134/56
f 319/135/57 318/137/57 329/138/57 330/136/57
f 318/137/58 317/116/58 328/5/58 329/138/58
f 11/139/59 316/140/59 327/118/59 10/117/59
f 316/140/60 315/141/60 326/121/60 327/118/60
f 315/141/61 314/142/61 325/123/61 326/121/61
f 314/142/62 313/143/62 324/125/62 325/123/62
f 313/143/63 312/144/63 323/127/63 324/125/63
f 312/144/64 311/145/64 322/129/64 323/127/64
f 311/145/56 310/146/56 321/131/56 322/129/56
f 310/146/56 309/147/56 320/133/56 321/131/56
f 309/147/56 308/148/56 319/135/56 320/133/56
f 308/148/65 307/149/65 318/137/65 319/135/65
f 307/149/66 306/114/66 317/116/66 318/137/66
f 12/150/67 305/151/67 316/140/67 11/139/67
f 305/151/68 304/152/68 315/141/68 316/140/68
f 304/152/69 303/153/69 314/142/69 315/141/69
f 303/153/70 302/154/70 313/143/70 314/142/70
f 302/154/71 301/155/71 312/144/71 313/143/71
f 301/155/72 300/156/72 311/145/72 312/144/72
f 300/156/73 299/157/73 310/146/73 311/145/73
f 299/157/56 298/158/56 309/147/56 310/146/56
f 298/158/56 297/159/56 308/148/56 309/147/56
f 297/159/74 296/160/74 307/149/74 308/148/74
f 296/160/75 295/112/75 306/114/75 307/149/75
f 13/161/76 294/162/76 305/151/76 12/150/76
f 294/162/77 293/163/77 304/152/77 305/151/77
f 293/163/78 292/164/78 303/153/78 304/152/78
f 292/164/79 291/165/79 302/154/79 303/153/79
f 291/165/80 290/166/80 301/155/80 302/154/80
f 290/166/81 289/167/81 300/156/81 301/155/81
f 289/167/82 288/168/82 299/157/82 300/156/82
f 288/168/83 287/169/83 298/158/83 299/157/83
f 287/169/84 286/170/84 297/159/84 298/158/84
f 286/170/85 285/171/85 296/160/85 297/159/85
f 285/171/86 284/109/86 295/112/86 296/160/86
f 14/172/87 283/173/87 294/162/87 13/161/87
f 283/173/88 282/174/88 293/163/88 294/162/88
f 282/174/89 281/175/89 292/164/89 293/163/89
f 281/175/90 280/176/90 291/165/90 292/164/90
f 280/176/91 279/177/91 290/166/91 291/165/91
f 279/177/92 278/178/92 289/167/92 290/166/92
f 278/178/93 277/179/93 288/168/93 289/167/93
f 277/179/94 276/180/94 287/169/94 288/168/94
f 276/180/95 275/181/95 286/170/95 287/169/95
f 275/181/96 274/182/96 285/171/96 286/170/96
f 274/182/97 273/183/97 284/109/97 285/171/97
f 15/184/98 272/185/98 283/173/98 14/172/98
f 272/185/99 271/186/99 282/174/99 283/173/99
f 271/186/100 270/187/100 281/175/100 282/174/100
f 270/187/101 269/188/101 280/176/101 281/175/101
f 269/188/102 268/189/102 279/177/102 280/176/102
f 268/189/103 267/190/103 278/178/103 279/177/103
f 267/190/104 266/191/104 277/179/104 278/178/104
f 266/191/105 265/192/105 276/180/105 277/179/105
f 265/192/106 264/193/106 275/181/106 276/180/106
f 264/193/107 263/194/107 274/182/107 275/181/107
f 263/194/108 262/102/108 273/183/108 274/182/108
f 16/195/109 261/196/109 272/185/109 15/184/109
f 261/196/110 260/197/110 271/186/110 272/185/110
f 260/197/111 259/198/111 270/187/111 271/186/111
f 259/198/112 258/199/112 269/188/112 270/187/112
f 258/199/113 257/200/113 268/189/113 269/188/113
f 257/200/114 256/201/114 267/190/114 268/189/114
f 256/201/115 255/202/115 266/191/115 267/190/115
f 255/202/116 254/203/116 265/192/116 266/191/116
f 254/203/117 253/204/117 264/193/117 265/192/117
f 253/204/118 252/205/118 263/194/118 264/193/118
f 252/205/119 251/100/119 262/102/119 263/194/119
f 17/206/120 250/207/120 261/196/120 16/195/120
f 250/207/121 249/208/121 260/197/121 261/196/121
f 249/208/56 248/209/56 259/198/56 260/197/56
f 248/209/56 247/210/56 258/199/56 259/198/56
f 247/210/56 246/211/56 257/200/56 258/199/56
f 246/211/122 245/212/122 256/201/122 257/200/122
f 245/212/123 244/213/123 255/202/123 256/201/123
f 244/213/124 243/214/124 254/203/124 255/202/124
f 243/214/125 242/215/125 253/204/125 254/203/125
f 242/215/126 241/216/126 252/205/126 253/204/126
f 241/216/127 240/98/127 251/100/127 252/205/127
f 18/217/128 239/218/128 250/207/128 17/206/128
f 239/218/129 238/219/129 249/208/129 250/207/129
f 238/219/56 237/220/56 248/209/56 249/208/56
f 237/220/56 236/221/56 247/210/56 248/209/56
f 236/221/56 235/222/56 246/211/56 247/210/56
f 235/222/56 234/223/56 245/212/56 246/211/56
f 234/223/130 233/224/130 244/213/130 245/212/130
f 233/224/131 232/225/131 243/214/131 244/213/131
f 232/225/132 231/226/132 242/215/132 243/214/132
f 231/226/133 230/227/133 241/216/133 242/215/133
f 230/227/134 229/96/134 240/98/134 241/216/134
f 19/228/135 228/229/135 239/218/135 18/217/135
f 228/229/136 227/230/136 238/219/136 239/218/136
f 227/230/137 226/231/137 237/220/137 238/219/137
f 226/231/138 225/232/138 236/221/138 237/220/138
f 225/232/139 224/233/139 235/222/139 236/221/139
f 224/233/140 223/234/140 234/223/140 235/222/140
f 223/234/56 222/235/56 233/224/56 234/223/56
f 222/235/56 221/236/56 232/225/56 233/224/56
f 221/236/56 220/237/56 231/226/56 232/225/56
f 220/237/56 219/238/56 230/227/56 231/226/56
f 219/238/141 218/94/141 229/96/141 230/227/141
f 3/239/142 74/240/142 228/229/142 19/228/142
f 74/240/143 73/241/143 227/230/143 228/229/143
f 73/241/144 72/242/144 226/231/144 227/230/144
f 72/242/145 71/243/145 225/232/145 226/231/145
f 71/243/146 70/244/146 224/233/146 225/232/146
f 70/244/147 69/245/147 223/234/147 224/233/147
f 69/245/148 68/246/148 222/235/148 223/234/148
f 68/246/149 67/247/149 221/236/149 222/235/149
f 67/247/150 66/248/150 220/237/150 221/236/150
f 66/248/56 65/249/56 219/238/56 220/237/56
f 65/249/151 64/91/151 218/94/151 219/238/151
f 32/250/152 206/251/152 217/252/152 31/253/152
f 206/251/153 205/254/153 216/255/153 217/252/153
f 205/254/154 204/256/154 215/257/154 216/255/154
f 204/256/155 203/221/155 214/258/155 215/257/155
f 203/221/156 202/222/156 213/259/156 214/258/156
f 202/222/157 201/223/157 212/260/157 213/259/157
f 201/223/158 200/224/158 211/261/158 212/260/158
f 200/224/159 199/225/159 210/262/159 211/261/159
f 199/225/160 198/226/160 209/263/160 210/262/160
f 198/226/161 197/264/161 208/265/161 209/263/161
f 197/264/162 196/90/162 207/13/162 208/265/162
f 33/266/163 195/267/163 206/251/163 32/250/163
f 195/267/164 194/268/164 205/254/164 206/251/164
f 194/268/165 193/269/165 204/256/165 205/254/165
f 193/269/166 192/270/166 203/221/166 204/256/166
f 192/270/37 191/271/37 202/222/37 203/221/37
f 191/271/37 190/272/37 201/223/37 202/222/37
f 190/272/37 189/273/37 200/224/37 201/223/37
f 189/273/37 188/274/37 199/225/37 200/224/37
f 188/274/37 187/275/37 198/226/37 199/225/37
f 187/275/167 186/276/167 197/264/167 198/226/167
f 186/276/168 185/88/168 196/90/168 197/264/168
f 34/277/169 184/278/169 195/267/169 33/266/169
f 184/278/170 183/279/170 194/268/170 195/267/170
f 183/279/171 182/198/171 193/269/171 194/268/171
f 182/198/172 181/199/172 192/270/172 193/269/172
f 181/199/37 180/200/37 191/271/37 192/270/37
f 180/200/37 179/280/37 190/272/37 191/271/37
f 179/280/37 178/281/37 189/273/37 190/272/37
f 178/281/37 177/282/37 188/274/37 189/273/37
f 177/282/37 176/283/37 187/275/37 188/274/37
f 176/283/37 175/284/37 186/276/37 187/275/37
f 175/284/37 174/86/37 185/88/37 186/276/37
f 35/285/173 173/286/173 184/278/173 34/277/173
f 173/286/174 172/287/174 183/279/174 184/278/174
f 172/287/175 171/288/175 182/198/175 183/279/175
f 171/288/37 170/289/37 181/199/37 182/198/37
f 170/289/37 169/290/37 180/200/37 181/199/37
f 169/290/37 168/291/37 179/280/37 180/200/37
f 168/291/37 167/292/37 178/281/37 179/280/37
f 167/292/37 166/293/37 177/282/37 178/281/37
f 166/293/176 165/294/176 176/283/176 177/282/176
f 165/294/177 164/295/177 175/284/177 176/283/177
f 164/295/178 163/84/178 174/86/178 175/284/178
f 36/296/179 162/297/179 173/286/179 35/285/179
f 162/297/180 161/298/180 172/287/180 173/286/180
f 161/298/37 160/299/37 171/288/37 172/287/37
f 160/299/37 159/300/37 170/289/37 171/288/37
f 159/300/37 158/301/37 169/290/37 170/289/37
f 158/301/37 157/302/37 168/291/37 169/290/37
f 157/302/37 156/303/37 167/292/37 168/291/37
f 156/303/181 155/304/181 166/293/181 167/292/181
f 155/304/182 154/305/182 165/294/182 166/293/182
f 154/305/183 153/306/183 164/295/183 165/294/183
f 153/306/184 152/82/184 163/84/184 164/295/184
f 37/307/185 151/308/185 162/297/185 36/296/185
f 151/308/186 150/309/186 161/298/186 162/297/186
f 150/309/187 149/310/187 160/299/187 161/298/187
f 149/310/37 148/311/37 159/300/37 160/299/37
f 148/311/37 147/312/37 158/301/37 159/300/37
f 147/312/37 146/313/37 157/302/37 158/301/37
f 146/313/37 145/314/37 156/303/37 157/302/37
f 145/314/188 144/315/188 155/304/188 156/303/188
f 144/315/189 143/316/189 154/305/189 155/304/189
f 143/316/190 142/317/190 153/306/190 154/305/190
f 142/317/191 141/80/191 152/82/191 153/306/191
f 38/318/192 140/319/192 151/308/192 37/307/192
f 140/319/193 139/320/193 150/309/193 151/308/193
f 139/320/159 138/321/159 149/310/159 150/309/159
f 138/321/37 137/322/37 148/311/37 149/310/37
f 137/322/37 136/323/37 147/312/37 148/311/37
f 136/323/37 135/324/37 146/313/37 147/312/37
f 135/324/37 134/325/37 145/314/37 146/313/37
f 134/325/194 133/326/194 144/315/194 145/314/194
f 133/326/195 132/327/195 143/316/195 144/315/195
f 132/327/37 131/328/37 142/317/37 143/316/37
f 131/328/37 130/78/37 141/80/37 142/317/37
f 39/329/196 129/330/196 140/319/196 38/318/196
f 129/330/197 128/331/197 139/320/197 140/319/197
f 128/331/37 127/332/37 138/321/37 139/320/37
f 127/332/37 126/333/37 137/322/37 138/321/37
f 126/333/37 125/334/37 136/323/37 137/322/37
f 125/334/37 124/145/37 135/324/37 136/323/37
f 124/145/198 123/335/198 134/325/198 135/324/198
f 123/335/199 122/336/199 133/326/199 134/325/199
f 122/336/200 121/337/200 132/327/200 133/326/200
f 121/337/201 120/338/201 131/328/201 132/327/201
f 120/338/202 119/76/202 130/78/202 131/328/202
f 40/339/203 118/340/203 129/330/203 39/329/203
f 118/340/204 117/341/204 128/331/204 129/330/204
f 117/341/205 116/342/205 127/332/205 128/331/205
f 116/342/206 115/343/206 126/333/206 127/332/206
f 115/343/207 114/344/207 125/334/207 126/333/207
f 114/344/208 113/345/208 124/145/208 125/334/208
f 113/345/209 112/346/209 123/335/209 124/145/209
f 112/346/210 111/347/210 122/336/210 123/335/210
f 111/347/211 110/348/211 121/337/211 122/336/211
f 110/348/212 109/349/212 120/338/212 121/337/212
f 109/349/213 108/74/213 119/76/213 120/338/213
f 41/350/214 107/351/214 118/340/214 40/339/214
f 107/351/215 106/352/215 117/341/215 118/340/215
f 106/352/216 105/353/216 116/342/216 117/341/216
f 105/353/217 104/354/217 115/343/217 116/342/217
f 104/354/218 103/355/218 114/344/218 115/343/218
f 103/355/219 102/356/219 113/345/219 114/344/219
f 102/356/220 101/357/220 112/346/220 113/345/220
f 101/357/221 100/358/221 111/347/221 112/346/221
f 100/358/222 99/359/222 110/348/222 111/347/222
f 99/359/223 98/360/223 109/349/223 110/348/223
f 98/360/224 97/72/224 108/74/224 109/349/224
f 5/361/225 96/362/225 107/351/225 41/350/225
f 96/362/226 95/363/226 106/352/226 107/351/226
f 95/363/227 94/364/227 105/353/227 106/352/227
f 94/364/228 93/365/228 104/354/228 105/353/228
f 93/365/229 92/366/229 103/355/229 104/354/229
f 92/366/230 91/367/230 102/356/230 103/355/230
f 91/367/231 90/368/231 101/357/231 102/356/231
f 90/368/232 89/369/232 100/358/232 101/357/232
f 89/369/233 88/370/233 99/359/233 100/358/233
f 88/370/234 87/371/234 98/360/234 99/359/234
f 87/371/235 86/69/235 97/72/235 98/360/235
f 31/253/236 217/252/236 53/372/236 1/373/236
f 217/252/237 216/255/237 54/374/237 53/372/237
f 216/255/238 215/257/238 55/375/238 54/374/238
f 215/257/239 214/258/239 56/376/239 55/375/239
f 214/258/240 213/259/240 57/377/240 56/376/240
f 213/259/241 212/260/241 58/378/241 57/377/241
f 212/260/242 211/261/242 59/379/242 58/378/242
f 211/261/243 210/262/243 60/380/243 59/379/243
f 210/262/244 209/263/244 61/381/244 60/380/244
f 209/263/245 208/265/245 62/382/245 61/381/245
f 208/265/246 207/13/246 63/16/246 62/382/246
f 361/383/247 635/384/247 96/385/247 5/386/247
f 635/384/248 646/387/248 95/388/248 96/385/248
f 646/387/249 657/389/249 94/390/249 95/388/249
f 657/389/250 668/391/250 93/392/250 94/390/250
f 668/391/251 679/393/251 92/394/251 93/392/251
f 679/393/252 690/395/252 91/396/252 92/394/252
f 690/395/253 701/397/253 90/398/253 91/396/253
f 701/397/254 712/399/254 89/400/254 90/398/254
f 712/399/255 723/401/255 88/402/255 89/400/255
f 723/401/256 734/403/256 87/404/256 88/402/256
f 734/403/257 745/9/257 86/12/257 87/404/257
f 9/120/258 338/119/258 85/405/258 7/406/258
f 338/119/259 337/122/259 84/407/259 85/405/259
f 337/122/260 336/124/260 83/408/260 84/407/260
f 336/124/56 335/126/56 82/409/56 83/408/56
f 335/126/56 334/128/56 81/410/56 82/409/56
f 334/128/56 333/130/56 80/411/56 81/410/56
f 333/130/56 332/132/56 79/412/56 80/411/56
f 332/132/56 331/134/56 78/413/56 79/412/56
f 331/134/56 330/136/56 77/414/56 78/413/56
f 330/136/56 329/138/56 76/415/56 77/414/56
f 329/138/261 328/5/261 75/8/261 76/415/261
f 339/416/262 756/417/262 74/418/262 3/419/262
f 756/417/263 767/420/263 73/421/263 74/418/263
f 767/420/264 778/422/264 72/423/264 73/421/264
f 778/422/265 789/424/265 71/425/265 72/423/265
f 789/424/266 800/426/266 70/427/266 71/425/266
f 800/426/267 811/428/267 69/429/267 70/427/267
f 811/428/268 822/430/268 68/431/268 69/429/268
f 822/430/269 833/432/269 67/433/269 68/431/269
f 833/432/270 844/434/270 66/435/270 67/433/270
f 844/434/271 855/436/271 65/437/271 66/435/271
f 855/436/272 866/1/272 64/4/272 65/437/272
f 62/438/273 63/439/273 856/440/273 845/441/273
f 845/441/274 856/440/274 857/442/274 846/443/274
f 846/443/275 857/442/275 858/444/275 847/445/275
f 847/445/276 858/444/276 859/446/276 848/447/276
f 848/447/277 859/446/277 860/448/277 849/449/277
f 849/449/278 860/448/278 861/450/278 850/451/278
f 850/451/279 861/450/279 862/452/279 851/453/279
f 851/453/280 862/452/280 863/454/280 852/455/280
f 852/455/281 863/454/281 864/456/281 853/457/281
f 853/457/282 864/456/282 865/458/282 854/459/282
f 854/459/283 865/458/283 866/1/283 855/436/283
f 61/460/284 62/438/284 845/441/284 834/461/284
f 834/461/285 845/441/285 846/443/285 835/462/285
f 835/462/286 846/443/286 847/445/286 836/463/286
f 836/463/271 847/445/271 848/447/271 837/464/271
f 837/464/287 848/447/287 849/449/287 838/465/287
f 838/465/288 849/449/288 850/451/288 839/466/288
f 839/466/289 850/451/289 851/453/289 840/467/289
f 840/467/290 851/453/290 852/455/290 841/468/290
f 841/468/291 852/455/291 853/457/291 842/469/291
f 842/469/271 853/457/271 854/459/271 843/470/271
f 843/470/271 854/459/271 855/436/271 844/434/271
f 60/471/292 61/460/292 834/461/292 823/472/292
f 823/472/293 834/461/293 835/462/293 824/473/293
f 824/473/271 835/462/271 836/463/271 825/474/271
f 825/474/271 836/463/271 837/464/271 826/475/271
f 826/475/294 837/464/294 838/465/294 827/476/294
f 827/476/295 838/465/295 839/466/295 828/477/295
f 828/477/296 839/466/296 840/467/296 829/478/296
f 829/478/297 840/467/297 841/468/297 830/479/297
f 830/479/298 841/468/298 842/469/298 831/480/298
f 831/480/271 842/469/271 843/470/271 832/481/271
f 832/481/271 843/470/271 844/434/271 833/432/271
f 59/482/299 60/471/299 823/472/299 812/483/299
f 812/483/300 823/472/300 824/473/300 813/484/300
f 813/484/271 824/473/271 825/474/271 814/485/271
f 814/485/301 825/474/301 826/475/301 815/486/301
f 815/486/302 826/475/302 827/476/302 816/487/302
f 816/487/303 827/476/303 828/477/303 817/488/303
f 817/488/304 828/477/304 829/478/304 818/489/304
f 818/489/305 829/478/305 830/479/305 819/490/305
f 819/490/306 830/479/306 831/480/306 820/491/306
f 820/491/271 831/480/271 832/481/271 821/492/271
f 821/492/271 832/481/271 833/432/271 822/430/271
f 58/493/307 59/482/307 812/483/307 801/494/307
f 801/494/308 812/483/308 813/484/308 802/495/308
f 802/495/309 813/484/309 814/485/309 803/496/309
f 803/496/310 814/485/310 815/486/310 804/497/310
f 804/497/311 815/486/311 816/487/311 805/498/311
f 805/498/312 816/487/312 817/488/312 806/499/312
f 806/499/313 817/488/313 818/489/313 807/500/313
f 807/500/314 818/489/314 819/490/314 808/501/314
f 808/501/315 819/490/315 820/491/315 809/502/315
f 809/502/271 820/491/271 821/492/271 810/503/271
f 810/503/271 821/492/271 822/430/271 811/428/271
f 57/504/316 58/493/316 801/494/316 790/505/316
f 790/505/317 801/494/317 802/495/317 791/506/317
f 791/506/318 802/495/318 803/496/318 792/507/318
f 792/507/319 803/496/319 804/497/319 793/508/319
f 793/508/320 804/497/320 805/498/320 794/509/320
f 794/509/321 805/498/321 806/499/321 795/510/321
f 795/510/322 806/499/322 807/500/322 796/511/322
f 796/511/323 807/500/323 808/501/323 797/512/323
f 797/512/271 808/501/271 809/502/271 798/513/271
f 798/513/271 809/502/271 810/503/271 799/514/271
f 799/514/324 810/503/324 811/428/324 800/426/324
f 56/515/325 57/504/325 790/505/325 779/516/325
f 779/516/326 790/505/326 791/506/326 780/517/326
f 780/517/327 791/506/327 792/507/327 781/518/327
f 781/518/328 792/507/328 793/508/328 782/519/328
f 782/519/329 793/508/329 794/509/329 783/520/329
f 783/520/330 794/509/330 795/510/330 784/521/330
f 784/521/331 795/510/331 796/511/331 785/522/331
f 785/522/332 796/511/332 797/512/332 786/523/332
f 786/523/333 797/512/333 798/513/333 787/524/333
f 787/524/271 798/513/271 799/514/271 788/525/271
f 788/525/334 799/514/334 800/426/334 789/424/334
f 55/526/335 56/515/335 779/516/335 768/527/335
f 768/527/336 779/516/336 780/517/336 769/528/336
f 769/528/337 780/517/337 781/518/337 770/529/337
f 770/529/338 781/518/338 782/519/338 771/530/338
f 771/530/339 782/519/339 783/520/339 772/531/339
f 772/531/340 783/520/340 784/521/340 773/532/340
f 773/532/341 784/521/341 785/522/341 774/533/341
f 774/533/342 785/522/342 786/523/342 775/534/342
f 775/534/343 786/523/343 787/524/343 776/535/343
f 776/535/271 787/524/271 788/525/271 777/536/271
f 777/536/344 788/525/344 789/424/344 778/422/344
f 54/537/345 55/526/345 768/527/345 757/538/345
f 757/538/346 768/527/346 769/528/346 758/539/346
f 758/539/347 769/528/347 770/529/347 759/540/347
f 759/540/348 770/529/348 771/530/348 760/541/348
f 760/541/349 771/530/349 772/531/349 761/542/349
f 761/542/350 772/531/350 773/532/350 762/543/350
f 762/543/351 773/532/351 774/533/351 763/544/351
f 763/544/352 774/533/352 775/534/352 764/545/352
f 764/545/353 775/534/353 776/535/353 765/546/353
f 765/546/271 776/535/271 777/536/271 766/547/271
f 766/547/354 777/536/354 778/422/354 767/420/354
f 53/548/355 54/537/355 757/538/355 746/549/355
f 746/549/356 757/538/356 758/539/356 747/550/356
f 747/550/357 758/539/357 759/540/357 748/551/357
f 748/551/358 759/540/358 760/541/358 749/552/358
f 749/552/359 760/541/359 761/542/359 750/553/359
f 750/553/360 761/542/360 762/543/360 751/554/360
f 751/554/361 762/543/361 763/544/361 752/555/361
f 752/555/362 763/544/362 764/545/362 753/556/362
f 753/556/363 764/545/363 765/546/363 754/557/363
f 754/557/364 765/546/364 766/547/364 755/558/364
f 755/558/365 766/547/365 767/420/365 756/417/365
f 1/559/366 53/548/366 746/549/366 349/560/366
f 349/560/367 746/549/367 747/550/367 348/561/367
f 348/561/368 747/550/368 748/551/368 347/562/368
f 347/562/369 748/551/369 749/552/369 346/563/369
f 346/563/370 749/552/370 750/553/370 345/564/370
f 345/564/371 750/553/371 751/554/371 344/565/371
f 344/565/372 751/554/372 752/555/372 343/566/372
f 343/566/373 752/555/373 753/556/373 342/567/373
f 342/567/374 753/556/374 754/557/374 341/568/374
f 341/568/375 754/557/375 755/558/375 340/569/375
f 340/569/376 755/558/376 756/417/376 339/416/376
f 76/437/377 75/570/377 735/571/377 724/436/377
f 724/436/378 735/571/378 736/572/378 725/459/378
f 725/459/379 736/572/379 737/573/379 726/574/379
f 726/574/380 737/573/380 738/575/380 727/576/380
f 727/576/381 738/575/381 739/577/381 728/578/381
f 728/578/382 739/577/382 740/579/382 729/580/382
f 729/580/383 740/579/383 741/581/383 730/582/383
f 730/582/384 741/581/384 742/583/384 731/584/384
f 731/584/385 742/583/385 743/585/385 732/586/385
f 732/586/386 743/585/386 744/587/386 733/588/386
f 733/588/387 744/587/387 745/9/387 734/403/387
f 77/435/388 76/437/388 724/436/388 713/434/388
f 713/434/388 724/436/388 725/459/388 714/589/388
f 714/589/388 725/459/388 726/574/388 715/590/388
f 715/590/388 726/574/388 727/576/388 716/591/388
f 716/591/388 727/576/388 728/578/388 717/592/388
f 717/592/388 728/578/388 729/580/388 718/593/388
f 718/593/388 729/580/388 730/582/388 719/594/388
f 719/594/388 730/582/388 731/584/388 720/595/388
f 720/595/389 731/584/389 732/586/389 721/596/389
f 721/596/390 732/586/390 733/588/390 722/597/390
f 722/597/391 733/588/391 734/403/391 723/401/391
f 78/598/388 77/435/388 713/434/388 702/432/388
f 702/432/388 713/434/388 714/589/388 703/481/388
f 703/481/388 714/589/388 715/590/388 704/599/388
f 704/599/392 715/590/392 716/591/392 705/600/392
f 705/600/393 716/591/393 717/592/393 706/601/393
f 706/601/394 717/592/394 718/593/394 707/602/394
f 707/602/395 718/593/395 719/594/395 708/603/395
f 708/603/396 719/594/396 720/595/396 709/604/396
f 709/604/397 720/595/397 721/596/397 710/605/397
f 710/605/398 721/596/398 722/597/398 711/606/398
f 711/606/399 722/597/399 723/401/399 712/399/399
f 79/607/388 78/598/388 702/432/388 691/430/388
f 691/430/388 702/432/388 703/481/388 692/492/388
f 692/492/400 703/481/400 704/599/400 693/608/400
f 693/608/401 704/599/401 705/600/401 694/609/401
f 694/609/402 705/600/402 706/601/402 695/610/402
f 695/610/403 706/601/403 707/602/403 696/611/403
f 696/611/404 707/602/404 708/603/404 697/612/404
f 697/612/405 708/603/405 709/604/405 698/613/405
f 698/613/406 709/604/406 710/605/406 699/614/406
f 699/614/407 710/605/407 711/606/407 700/615/407
f 700/615/408 711/606/408 712/399/408 701/397/408
f 80/616/388 79/607/388 691/430/388 680/428/388
f 680/428/388 691/430/388 692/492/388 681/503/388
f 681/503/409 692/492/409 693/608/409 682/617/409
f 682/617/410 693/608/410 694/609/410 683/618/410
f 683/618/411 694/609/411 695/610/411 684/619/411
f 684/619/412 695/610/412 696/611/412 685/620/412
f 685/620/413 696/611/413 697/612/413 686/621/413
f 686/621/414 697/612/414 698/613/414 687/622/414
f 687/622/415 698/613/415 699/614/415 688/623/415
f 688/623/416 699/614/416 700/615/416 689/624/416
f 689/624/417 700/615/417 701/397/417 690/395/417
f 81/625/388 80/616/388 680/428/388 669/626/388
f 669/626/388 680/428/388 681/503/388 670/514/388
f 670/514/418 681/503/418 682/617/418 671/513/418
f 671/513/419 682/617/419 683/618/419 672/627/419
f 672/627/420 683/618/420 684/619/420 673/628/420
f 673/628/421 684/619/421 685/620/421 674/629/421
f 674/629/422 685/620/422 686/621/422 675/630/422
f 675/630/423 686/621/423 687/622/423 676/631/423
f 676/631/424 687/622/424 688/623/424 677/632/424
f 677/632/425 688/623/425 689/624/425 678/633/425
f 678/633/426 689/624/426 690/395/426 679/393/426
f 82/634/388 81/625/388 669/626/388 658/635/388
f 658/635/388 669/626/388 670/514/388 659/525/388
f 659/525/388 670/514/388 671/513/388 660/524/388
f 660/524/427 671/513/427 672/627/427 661/636/427
f 661/636/428 672/627/428 673/628/428 662/637/428
f 662/637/429 673/628/429 674/629/429 663/638/429
f 663/638/430 674/629/430 675/630/430 664/639/430
f 664/639/431 675/630/431 676/631/431 665/640/431
f 665/640/432 676/631/432 677/632/432 666/641/432
f 666/641/433 677/632/433 678/633/433 667/642/433
f 667/642/434 678/633/434 679/393/434 668/391/434
f 83/643/388 82/634/388 658/635/388 647/644/388
f 647/644/388 658/635/388 659/525/388 648/536/388
f 648/536/388 659/525/388 660/524/388 649/535/388
f 649/535/388 660/524/388 661/636/388 650/645/388
f 650/645/435 661/636/435 662/637/435 651/646/435
f 651/646/436 662/637/436 663/638/436 652/647/436
f 652/647/437 663/638/437 664/639/437 653/648/437
f 653/648/438 664/639/438 665/640/438 654/649/438
f 654/649/439 665/640/439 666/641/439 655/650/439
f 655/650/440 666/641/440 667/642/440 656/651/440
f 656/651/441 667/642/441 668/391/441 657/389/441
f 84/652/442 83/643/442 647/644/442 636/653/442
f 636/653/443 647/644/443 648/536/443 637/654/443
f 637/654/388 648/536/388 649/535/388 638/655/388
f 638/655/388 649/535/388 650/645/388 639/656/388
f 639/656/388 650/645/388 651/646/388 640/657/388
f 640/657/444 651/646/444 652/647/444 641/658/444
f 641/658/445 652/647/445 653/648/445 642/659/445
f 642/659/446 653/648/446 654/649/446 643/660/446
f 643/660/447 654/649/447 655/650/447 644/661/447
f 644/661/448 655/650/448 656/651/448 645/662/448
f 645/662/449 656/651/449 657/389/449 646/387/449
f 85/663/450 84/652/450 636/653/450 625/664/450
f 625/664/451 636/653/451 637/654/451 626/665/451
f 626/665/388 637/654/388 638/655/388 627/666/388
f 627/666/452 638/655/452 639/656/452 628/667/452
f 628/667/453 639/656/453 640/657/453 629/668/453
f 629/668/454 640/657/454 641/658/454 630/669/454
f 630/669/455 641/658/455 642/659/455 631/670/455
f 631/670/456 642/659/456 643/660/456 632/671/456
f 632/671/457 643/660/457 644/661/457 633/672/457
f 633/672/458 644/661/458 645/662/458 634/673/458
f 634/673/459 645/662/459 646/387/459 635/384/459
f 7/674/460 85/663/460 625/664/460 371/675/460
f 371/675/461 625/664/461 626/665/461 370/676/461
f 370/676/462 626/665/462 627/666/462 369/677/462
f 369/677/463 627/666/463 628/667/463 368/678/463
f 368/678/464 628/667/464 629/668/464 367/679/464
f 367/679/465 629/668/465 630/669/465 366/680/465
f 366/680/466 630/669/466 631/670/466 365/681/466
f 365/681/467 631/670/467 632/671/467 364/682/467
f 364/682/468 632/671/468 633/672/468 363/683/468
f 363/683/469 633/672/469 634/673/469 362/684/469
f 362/684/470 634/673/470 635/384/470 361/383/470
f 10/685/471 9/686/471 614/687/471 603/688/471
f 603/688/472 614/687/472 615/689/472 604/690/472
f 604/690/473 615/689/473 616/691/473 605/692/473
f 605/692/474 616/691/474 617/693/474 606/694/474
f 606/694/475 617/693/475 618/695/475 607/696/475
f 607/696/476 618/695/476 619/697/476 608/698/476
f 608/698/477 619/697/477 620/699/477 609/700/477
f 609/700/478 620/699/478 621/701/478 610/702/478
f 610/702/479 621/701/479 622/703/479 611/704/479
f 611/704/480 622/703/480 623/705/480 612/706/480
f 612/706/481 623/705/481 624/17/481 613/67/481
f 11/707/482 10/685/482 603/688/482 592/708/482
f 592/708/483 603/688/483 604/690/483 593/709/483
f 593/709/473 604/690/473 605/692/473 594/710/473
f 594/710/484 605/692/484 606/694/484 595/711/484
f 595/711/485 606/694/485 607/696/485 596/712/485
f 596/712/486 607/696/486 608/698/486 597/713/486
f 597/713/487 608/698/487 609/700/487 598/714/487
f 598/714/488 609/700/488 610/702/488 599/715/488
f 599/715/489 610/702/489 611/704/489 600/716/489
f 600/716/473 611/704/473 612/706/473 601/717/473
f 601/717/490 612/706/490 613/67/490 602/65/490
f 12/718/491 11/707/491 592/708/491 581/719/491
f 581/719/492 592/708/492 593/709/492 582/720/492
f 582/720/493 593/709/493 594/710/493 583/721/493
f 583/721/494 594/710/494 595/711/494 584/722/494
f 584/722/495 595/711/495 596/712/495 585/723/495
f 585/723/496 596/712/496 597/713/496 586/724/496
f 586/724/497 597/713/497 598/714/497 587/725/497
f 587/725/498 598/714/498 599/715/498 588/726/498
f 588/726/499 599/715/499 600/716/499 589/727/499
f 589/727/473 600/716/473 601/717/473 590/728/473
f 590/728/500 601/717/500 602/65/500 591/63/500
f 13/729/501 12/718/501 581/719/501 570/730/501
f 570/730/502 581/719/502 582/720/502 571/731/502
f 571/731/493 582/720/493 583/721/493 572/732/493
f 572/732/503 583/721/503 584/722/503 573/733/503
f 573/733/504 584/722/504 585/723/504 574/734/504
f 574/734/505 585/723/505 586/724/505 575/735/505
f 575/735/506 586/724/506 587/725/506 576/736/506
f 576/736/507 587/725/507 588/726/507 577/737/507
f 577/737/508 588/726/508 589/727/508 578/738/508
f 578/738/473 589/727/473 590/728/473 579/739/473
f 579/739/509 590/728/509 591/63/509 580/61/509
f 14/740/510 13/729/510 570/730/510 559/741/510
f 559/741/511 570/730/511 571/731/511 560/742/511
f 560/742/493 571/731/493 572/732/493 561/743/493
f 561/743/512 572/732/512 573/733/512 562/744/512
f 562/744/513 573/733/513 574/734/513 563/745/513
f 563/745/514 574/734/514 575/735/514 564/746/514
f 564/746/515 575/735/515 576/736/515 565/747/515
f 565/747/516 576/736/516 577/737/516 566/748/516
f 566/748/517 577/737/517 578/738/517 567/749/517
f 567/749/473 578/738/473 579/739/473 568/750/473
f 568/750/518 579/739/518 580/61/518 569/59/518
f 15/751/519 14/740/519 559/741/519 548/752/519
f 548/752/520 559/741/520 560/742/520 549/753/520
f 549/753/493 560/742/493 561/743/493 550/754/493
f 550/754/521 561/743/521 562/744/521 551/755/521
f 551/755/522 562/744/522 563/745/522 552/756/522
f 552/756/523 563/745/523 564/746/523 553/757/523
f 553/757/524 564/746/524 565/747/524 554/758/524
f 554/758/525 565/747/525 566/748/525 555/759/525
f 555/759/526 566/748/526 567/749/526 556/760/526
f 556/760/473 567/749/473 568/750/473 557/761/473
f 557/761/527 568/750/527 569/59/527 558/57/527
f 16/762/528 15/751/528 548/752/528 537/763/528
f 537/763/529 548/752/529 549/753/529 538/764/529
f 538/764/473 549/753/473 550/754/473 539/765/473
f 539/765/530 550/754/530 551/755/530 540/766/530
f 540/766/531 551/755/531 552/756/531 541/767/531
f 541/767/532 552/756/532 553/757/532 542/768/532
f 542/768/533 553/757/533 554/758/533 543/769/533
f 543/769/534 554/758/534 555/759/534 544/770/534
f 544/770/535 555/759/535 556/760/535 545/771/535
f 545/771/536 556/760/536 557/761/536 546/772/536
f 546/772/537 557/761/537 558/57/537 547/55/537
f 17/773/538 16/762/538 537/763/538 526/774/538
f 526/774/539 537/763/539 538/764/539 527/775/539
f 527/775/473 538/764/473 539/765/473 528/776/473
f 528/776/540 539/765/540 540/766/540 529/777/540
f 529/777/541 540/766/541 541/767/541 530/778/541
f 530/778/542 541/767/542 542/768/542 531/779/542
f 531/779/543 542/768/543 543/769/543 532/780/543
f 532/780/544 543/769/544 544/770/544 533/781/544
f 533/781/545 544/770/545 545/771/545 534/782/545
f 534/782/546 545/771/546 546/772/546 535/783/546
f 535/783/547 546/772/547 547/55/547 536/53/547
f 18/784/548 17/773/548 526/774/548 515/785/548
f 515/785/549 526/774/549 527/775/549 516/786/549
f 516/786/473 527/775/473 528/776/473 517/787/473
f 517/787/550 528/776/550 529/777/550 518/788/550
f 518/788/551 529/777/551 530/778/551 519/789/551
f 519/789/552 530/778/552 531/779/552 520/790/552
f 520/790/553 531/779/553 532/780/553 521/791/553
f 521/791/554 532/780/554 533/781/554 522/792/554
f 522/792/555 533/781/555 534/782/555 523/793/555
f 523/793/556 534/782/556 535/783/556 524/794/556
f 524/794/557 535/783/557 536/53/557 525/51/557
f 19/795/558 18/784/558 515/785/558 504/796/558
f 504/796/559 515/785/559 516/786/559 505/797/559
f 505/797/560 516/786/560 517/787/560 506/798/560
f 506/798/561 517/787/561 518/788/561 507/799/561
f 507/799/562 518/788/562 519/789/562 508/800/562
f 508/800/563 519/789/563 520/790/563 509/801/563
f 509/801/564 520/790/564 521/791/564 510/802/564
f 510/802/565 521/791/565 522/792/565 511/803/565
f 511/803/566 522/792/566 523/793/566 512/804/566
f 512/804/567 523/793/567 524/794/567 513/805/567
f 513/805/568 524/794/568 525/51/568 514/48/568
f 3/806/569 19/795/569 504/796/569 339/807/569
f 339/807/570 504/796/570 505/797/570 340/808/570
f 340/808/571 505/797/571 506/798/571 341/809/571
f 341/809/572 506/798/572 507/799/572 342/810/572
f 342/810/573 507/799/573 508/800/573 343/811/573
f 343/811/574 508/800/574 509/801/574 344/812/574
f 344/812/575 509/801/575 510/802/575 345/813/575
f 345/813/576 510/802/576 511/803/576 346/814/576
f 346/814/577 511/803/577 512/804/577 347/815/577
f 347/815/578 512/804/578 513/805/578 348/816/578
f 348/816/579 513/805/579 514/48/579 349/47/579
f 21/817/580 20/818/580 493/819/580 482/820/580
f 482/820/581 493/819/581 494/821/581 483/822/581
f 483/822/582 494/821/582 495/823/582 484/824/582
f 484/824/583 495/823/583 496/825/583 485/826/583
f 485/826/584 496/825/584 497/827/584 486/828/584
f 486/828/585 497/827/585 498/829/585 487/830/585
f 487/830/586 498/829/586 499/831/586 488/832/586
f 488/832/587 499/831/587 500/833/587 489/834/587
f 489/834/588 500/833/588 501/835/588 490/836/588
f 490/836/589 501/835/589 502/837/589 491/838/589
f 491/838/590 502/837/590 503/21/590 492/45/590
f 22/839/591 21/817/591 482/820/591 471/840/591
f 471/840/592 482/820/592 483/822/592 472/841/592
f 472/841/593 483/822/593 484/824/593 473/842/593
f 473/842/594 484/824/594 485/826/594 474/843/594
f 474/843/595 485/826/595 486/828/595 475/844/595
f 475/844/596 486/828/596 487/830/596 476/845/596
f 476/845/597 487/830/597 488/832/597 477/846/597
f 477/846/598 488/832/598 489/834/598 478/847/598
f 478/847/599 489/834/599 490/836/599 479/848/599
f 479/848/600 490/836/600 491/838/600 480/849/600
f 480/849/601 491/838/601 492/45/601 481/43/601
f 23/850/602 22/839/602 471/840/602 460/851/602
f 460/851/603 471/840/603 472/841/603 461/852/603
f 461/852/604 472/841/604 473/842/604 462/853/604
f 462/853/605 473/842/605 474/843/605 463/854/605
f 463/854/606 474/843/606 475/844/606 464/855/606
f 464/855/607 475/844/607 476/845/607 465/856/607
f 465/856/608 476/845/608 477/846/608 466/857/608
f 466/857/609 477/846/609 478/847/609 467/858/609
f 467/858/610 478/847/610 479/848/610 468/859/610
f 468/859/611 479/848/611 480/849/611 469/860/611
f 469/860/15 480/849/15 481/43/15 470/41/15
f 24/104/612 23/850/612 460/851/612 449/861/612
f 449/861/613 460/851/613 461/852/613 450/862/613
f 450/862/614 461/852/614 462/853/614 451/863/614
f 451/863/615 462/853/615 463/854/615 452/864/615
f 452/864/616 463/854/616 464/855/616 453/865/616
f 453/865/617 464/855/617 465/856/617 454/866/617
f 454/866/618 465/856/618 466/857/618 455/867/618
f 455/867/619 466/857/619 467/858/619 456/868/619
f 456/868/620 467/858/620 468/859/620 457/869/620
f 457/869/621 468/859/621 469/860/621 458/870/621
f 458/870/622 469/860/622 470/41/622 459/39/622
f 25/105/623 24/104/623 449/861/623 438/871/623
f 438/871/624 449/861/624 450/862/624 439/872/624
f 439/872/625 450/862/625 451/863/625 440/873/625
f 440/873/626 451/863/626 452/864/626 441/874/626
f 441/874/627 452/864/627 453/865/627 442/875/627
f 442/875/628 453/865/628 454/866/628 443/876/628
f 443/876/629 454/866/629 455/867/629 444/877/629
f 444/877/630 455/867/630 456/868/630 445/878/630
f 445/878/631 456/868/631 457/869/631 446/879/631
f 446/879/632 457/869/632 458/870/632 447/880/632
f 447/880/633 458/870/633 459/39/633 448/37/633
f 26/107/634 25/105/634 438/871/634 427/881/634
f 427/881/635 438/871/635 439/872/635 428/882/635
f 428/882/636 439/872/636 440/873/636 429/883/636
f 429/883/637 440/873/637 441/874/637 430/884/637
f 430/884/638 441/874/638 442/875/638 431/885/638
f 431/885/639 442/875/639 443/876/639 432/886/639
f 432/886/640 443/876/640 444/877/640 433/887/640
f 433/887/641 444/877/641 445/878/641 434/888/641
f 434/888/642 445/878/642 446/879/642 435/889/642
f 435/889/643 446/879/643 447/880/643 436/890/643
f 436/890/644 447/880/644 448/37/644 437/35/644
f 27/891/645 26/107/645 427/881/645 416/892/645
f 416/892/646 427/881/646 428/882/646 417/893/646
f 417/893/647 428/882/647 429/883/647 418/894/647
f 418/894/648 429/883/648 430/884/648 419/895/648
f 419/895/649 430/884/649 431/885/649 420/896/649
f 420/896/650 431/885/650 432/886/650 421/897/650
f 421/897/651 432/886/651 433/887/651 422/898/651
f 422/898/652 433/887/652 434/888/652 423/899/652
f 423/899/653 434/888/653 435/889/653 424/900/653
f 424/900/654 435/889/654 436/890/654 425/901/654
f 425/901/655 436/890/655 437/35/655 426/33/655
f 28/902/656 27/891/656 416/892/656 405/903/656
f 405/903/657 416/892/657 417/893/657 406/904/657
f 406/904/658 417/893/658 418/894/658 407/905/658
f 407/905/659 418/894/659 419/895/659 408/906/659
f 408/906/660 419/895/660 420/896/660 409/907/660
f 409/907/661 420/896/661 421/897/661 410/908/661
f 410/908/662 421/897/662 422/898/662 411/909/662
f 411/909/663 422/898/663 423/899/663 412/910/663
f 412/910/664 423/899/664 424/900/664 413/911/664
f 413/911/665 424/900/665 425/901/665 414/912/665
f 414/912/666 425/901/666 426/33/666 415/31/666
f 29/913/667 28/902/667 405/903/667 394/914/667
f 394/914/668 405/903/668 406/904/668 395/915/668
f 395/915/669 406/904/669 407/905/669 396/916/669
f 396/916/670 407/905/670 408/906/670 397/917/670
f 397/917/671 408/906/671 409/907/671 398/918/671
f 398/918/672 409/907/672 410/908/672 399/919/672
f 399/919/673 410/908/673 411/909/673 400/920/673
f 400/920/674 411/909/674 412/910/674 401/921/674
f 401/921/675 412/910/675 413/911/675 402/922/675
f 402/922/676 413/911/676 414/912/676 403/923/676
f 403/923/677 414/912/677 415/31/677 404/29/677
f 30/924/678 29/913/678 394/914/678 383/925/678
f 383/925/679 394/914/679 395/915/679 384/926/679
f 384/926/680 395/915/680 396/916/680 385/927/680
f 385/927/681 396/916/681 397/917/681 386/928/681
f 386/928/682 397/917/682 398/918/682 387/929/682
f 387/929/683 398/918/683 399/919/683 388/930/683
f 388/930/684 399/919/684 400/920/684 389/931/684
f 389/931/685 400/920/685 401/921/685 390/932/685
f 390/932/686 401/921/686 402/922/686 391/933/686
f 391/933/687 402/922/687 403/923/687 392/934/687
f 392/934/688 403/923/688 404/29/688 393/26/688
f 8/935/689 30/924/689 383/925/689 372/936/689
f 372/936/690 383/925/690 384/926/690 373/937/690
f 373/937/691 384/926/691 385/927/691 374/938/691
f 374/938/692 385/927/692 386/928/692 375/939/692
f 375/939/693 386/928/693 387/929/693 376/940/693
f 376/940/694 387/929/694 388/930/694 377/941/694
f 377/941/695 388/930/695 389/931/695 378/942/695
f 378/942/696 389/931/696 390/932/696 379/943/696
f 379/943/697 390/932/697 391/933/697 380/944/697
f 380/944/698 391/933/698 392/934/698 381/945/698
f 381/945/699 392/934/699 393/26/699 382/25/699
f 20/818/700 4/946/700 360/947/700 493/819/700
f 493/819/701 360/947/701 359/948/701 494/821/701
f 494/821/702 359/948/702 358/949/702 495/823/702
f 495/823/703 358/949/703 357/950/703 496/825/703
f 496/825/704 357/950/704 356/951/704 497/827/704
f 497/827/705 356/951/705 355/952/705 498/829/705
f 498/829/706 355/952/706 354/953/706 499/831/706
f 499/831/707 354/953/707 353/954/707 500/833/707
f 500/833/708 353/954/708 352/955/708 501/835/708
f 501/835/709 352/955/709 351/956/709 502/837/709
f 502/837/710 351/956/710 350/22/710 503/21/710
f 9/686/711 7/957/711 371/958/711 614/687/711
f 614/687/712 371/958/712 370/959/712 615/689/712
f 615/689/713 370/959/713 369/960/713 616/691/713
f 616/691/714 369/960/714 368/961/714 617/693/714
f 617/693/715 368/961/715 367/962/715 618/695/715
f 618/695/716 367/962/716 366/963/716 619/697/716
f 619/697/717 366/963/717 365/964/717 620/699/717
f 620/699/718 365/964/718 364/965/718 621/701/718
f 621/701/719 364/965/719 363/966/719 622/703/719
f 622/703/720 363/966/720 362/967/720 623/705/720
f 623/705/721 362/967/721 361/18/721 624/17/721
f 75/570/722 8/968/722 372/969/722 735/571/722
f 735/571/723 372/969/723 373/970/723 736/572/723
f 736/572/724 373/970/724 374/971/724 737/573/724
f 737/573/725 374/971/725 375/972/725 738/575/725
f 738/575/726 375/972/726 376/973/726 739/577/726
f 739/577/727 376/973/727 377/974/727 740/579/727
f 740/579/728 377/974/728 378/975/728 741/581/728
f 741/581/729 378/975/729 379/976/729 742/583/729
f 742/583/730 379/976/730 380/977/730 743/585/730
f 743/585/731 380/977/731 381/978/731 744/587/731
f 744/587/732 381/978/732 382/10/732 745/9/732
f 63/439/733 2/979/733 350/980/733 856/440/733
f 856/440/734 350/980/734 351/981/734 857/442/734
f 857/442/735 351/981/735 352/982/735 858/444/735
f 858/444/736 352/982/736 353/983/736 859/446/736
f 859/446/737 353/983/737 354/984/737 860/448/737
f 860/448/738 354/984/738 355/985/738 861/450/738
f 861/986/739 355/952/739 356/951/739 862/987/739
f 862/987/740 356/951/740 357/950/740 863/988/740
f 863/454/741 357/989/741 358/990/741 864/456/741
f 864/456/742 358/990/742 359/991/742 865/458/742
f 865/458/743 359/991/743 360/2/743 866/1/743
